Feature	IG
Akkermansia_muciniphila	0.45062255859375
Escherichia_coli	0.09405517578125
Faecalibacterium_prausnitzii	5.210205078125
Bacteroides_vulgatus	0.01812744140625
Anaerostipes_hadrus	3.91412353515625
Alistipes_putredinis	0.727783203125
Collinsella_aerofaciens	7.19366455078125
Phascolarctobacterium_succinatutens	3.319091796875
Clostridium_sp_CAG_413	3.0238037109375
Desulfovibrio_piger	3.8271484375
Coprococcus_comes	0.1470947265625
Eubacterium_rectale	1.7122802734375
Bacteroides_caccae	2.29345703125
Parvimonas_micra	14.3565673828125
Barnesiella_intestinihominis	0.27960205078125
Eubacterium_hallii	0.1700439453125
Bifidobacterium_pseudolongum	0.03875732421875
Eubacterium_eligens	3.503662109375
Firmicutes_bacterium_CAG_83	0.2908935546875
Dorea_longicatena	0.03118896484375
Oscillibacter_sp_57_20	0.61810302734375
Clostridium_sp_CAG_510	0.49163818359375
Prevotella_intermedia	8.00531005859375
Paraprevotella_xylaniphila	2.72637939453125
Roseburia_sp_CAG_471	0.04583740234375
Clostridium_leptum	0.7105712890625
Firmicutes_bacterium_CAG_110	1.0250244140625
Dorea_formicigenerans	1.98046875
Clostridium_sp_CAG_242	0.35205078125
Fusicatenibacter_saccharivorans	1.08203125
Blautia_wexlerae	0.01025390625
Slackia_isoflavoniconvertens	2.4700927734375
Blautia_obeum	0.06231689453125
Gemmiger_formicilis	0.1065673828125
Parabacteroides_distasonis	2.85302734375
Prevotella_copri	0.94677734375
Bacteroides_fragilis	0.03179931640625
Peptostreptococcus_stomatis	14.9443969726562
Eubacterium_ramulus	0.156005859375
Odoribacter_splanchnicus	1.34027099609375
Filifactor_alocis	2.24700927734375
Gemella_morbillorum	23.8312377929688
Klebsiella_pneumoniae	0.00152587890625
Eubacterium_siraeum	0.077392578125
Bacteroides_uniformis	0.0098876953125
Prevotella_sp_CAG_891	1.53570556640625
Proteus_mirabilis	0.62445068359375
Agathobaculum_butyriciproducens	0.66839599609375
Dialister_pneumosintes	15.9896850585938
Acidaminococcus_intestini	3.0064697265625
Solobacterium_moorei	14.4066772460938
Parabacteroides_merdae	2.9119873046875
Coprococcus_catus	0.51251220703125
Butyricimonas_virosa	0.29534912109375
Bacteroides_stercoris	0.8275146484375
Adlercreutzia_equolifaciens	0.28558349609375
Alistipes_finegoldii	0.00079345703125
Roseburia_hominis	1.01904296875
Bacteroides_xylanisolvens	0.3458251953125
Firmicutes_bacterium_CAG_95	0.49566650390625
Bacteroides_thetaiotaomicron	2.07440185546875
Kluyvera_georgiana	1.6748046875
Actinomyces_cardiffensis	1.34027099609375
Oxalobacter_formigenes	0.0191650390625
Oscillibacter_sp_CAG_241	0.179931640625
Olsenella_scatoligenes	0.00189208984375
Ruthenibacterium_lactatiformans	3.23687744140625
Roseburia_inulinivorans	0.00396728515625
Bifidobacterium_adolescentis	0.0123291015625
Catenibacterium_mitsuokai	2.97808837890625
Ruminococcus_torques	6.1102294921875
Monoglobus_pectinilyticus	1.1666259765625
Clostridium_sp_CAG_58	0.00390625
Bacteroides_massiliensis	0.04388427734375
Megamonas_funiformis	2.17236328125
Alistipes_shahii	7.27239990234375
Klebsiella_variicola	0.090576171875
Bilophila_wadsworthia	0.6431884765625
Ruminococcus_sp_CAG_403	0.48651123046875
Asaccharobacter_celatus	0.95343017578125
Veillonella_parvula	0.356201171875
Parabacteroides_goldsteinii	4.56536865234375
Firmicutes_bacterium_CAG_238	1.59613037109375
Bacteroides_intestinalis	0.97247314453125
Streptococcus_sanguinis	1.0306396484375
Lawsonibacter_asaccharolyticus	0.0
Ruminococcus_bicirculans	5.50457763671875
Collinsella_stercoris	7.29010009765625
Bacteroides_ovatus	3.113037109375
Streptococcus_salivarius	1.13604736328125
Methanobrevibacter_smithii	0.36279296875
Citrobacter_amalonaticus	0.000732421875
Ruminococcaceae_bacterium_D5	0.05389404296875
Gordonibacter_pamelaeae	0.184326171875
Holdemania_filiformis	7.02301025390625
Klebsiella_quasipneumoniae	0.1640625
Granulicatella_adiacens	3.56787109375
Eubacterium_sp_CAG_180	0.25946044921875
Enterococcus_avium	0.1075439453125
Gemella_sanguinis	0.0458984375
Sanguibacteroides_justesenii	1.58978271484375
Cloacibacillus_porcorum	0.8204345703125
Erysipelothrix_larvae	2.06317138671875
[Collinsella]_massiliensis	0.0
Bulleidia_extructa	8.49456787109375
Bacteroides_cellulosilyticus	3.8907470703125
Ruminococcus_bromii	0.6400146484375
Streptococcus_anginosus_group	8.38519287109375
Anaerofustis_stercorihominis	0.000732421875
Clostridium_sp_CAG_299	0.3494873046875
Bacteroides_plebeius	3.88427734375
Firmicutes_bacterium_CAG_145	0.29119873046875
Clostridium_symbiosum	1.17578125
Roseburia_intestinalis	1.695068359375
Collinsella_intestinalis	1.52752685546875
Harryflintia_acetispora	3.3577880859375
Clostridium_citroniae	0.4815673828125
Firmicutes_bacterium_CAG_170	0.26641845703125
Morganella_morganii	0.03466796875
Actinomyces_sp_ICM47	0.841796875
Clostridium_asparagiforme	1.23974609375
Anaeromassilibacillus_sp_An250	2.150390625
Parabacteroides_gordonii	0.0194091796875
Enterorhabdus_caecimuris	0.1456298828125
Roseburia_sp_CAG_182	1.20770263671875
Bifidobacterium_longum	0.6923828125
Bacteroides_dorei	1.3031005859375
Eubacterium_sulci	1.24822998046875
Intestinimonas_butyriciproducens	0.6573486328125
Eubacterium_limosum	0.4637451171875
Proteus_hauseri	1.559326171875
Megamonas_hypermegale	1.4022216796875
Bacteroides_coprocola	1.82220458984375
Faecalitalea_cylindroides	0.01092529296875
Enorma_massiliensis	0.198974609375
Bacteroides_nordii	7.54058837890625
Bifidobacterium_pseudocatenulatum	0.05316162109375
Sharpea_azabuensis	0.0
Gemella_haemolysans	4.6497802734375
Streptococcus_parasanguinis	0.4464111328125
Roseburia_faecis	6.07293701171875
Denitrobacterium_detoxificans	0.0
Eubacterium_sp_CAG_38	0.3804931640625
Ruminococcus_callidus	3.464599609375
Eisenbergiella_tayi	4.603515625
Bacteroides_sp_D2	0.14349365234375
Cardiobacterium_hominis	0.0
Eubacterium_yurii	0.0
Clostridium_perfringens	0.463623046875
Parabacteroides_sp_426_9	0.0
Eubacterium_sp_OM08_24	0.00860595703125
Ruminococcus_gnavus	0.103759765625
Flavonifractor_plautii	0.4586181640625
Fusobacterium_nucleatum	13.7929077148438
Phascolarctobacterium_faecium	2.290771484375
Eggerthella_lenta	0.01055908203125
Eubacterium_ventriosum	0.16473388671875
Haemophilus_parainfluenzae	1.68115234375
Intestinibacter_bartlettii	0.55902099609375
Eisenbergiella_massiliensis	0.00897216796875
Dielma_fastidiosa	2.40533447265625
Alistipes_indistinctus	2.93707275390625
Erysipelatoclostridium_ramosum	0.147216796875
Clostridium_bolteae	0.5938720703125
Clostridium_saccharolyticum	0.1661376953125
Anaerotruncus_colihominis	5.86474609375
Catabacter_hongkongensis	4.4354248046875
Streptococcus_gordonii	0.0086669921875
Coprobacillus_cateniformis	5.545654296875
Christensenella_minuta	4.91790771484375
Hungatella_hathewayi	0.10125732421875
Ruminococcaceae_bacterium_D16	2.2445068359375
Turicibacter_sanguinis	1.53924560546875
Clostridium_disporicum	0.09033203125
Streptococcus_sp_A12	0.295166015625
Clostridium_clostridioforme	0.74261474609375
Weissella_cibaria	0.000732421875
Streptococcus_australis	0.165283203125
Clostridium_innocuum	0.0291748046875
Megasphaera_elsdenii	0.11700439453125
Streptococcus_oralis	0.61444091796875
Blautia_hansenii	1.91943359375
Clostridiales_bacterium_1_7_47FAA	0.34210205078125
Streptococcus_infantis	1.57928466796875
Fretibacterium_fastidiosum	5.02099609375
Streptococcus_agalactiae	0.06170654296875
Romboutsia_ilealis	0.20123291015625
Veillonella_infantium	0.08868408203125
Prevotella_sp_oral_taxon_473	3.62255859375
Parasutterella_excrementihominis	2.18548583984375
Porphyromonas_asaccharolytica	3.78125
Coprococcus_eutactus	0.61932373046875
Prevotella_sp_CAG_279	0.0174560546875
Lachnospira_pectinoschiza	3.31182861328125
Prevotella_sp_CAG_5226	1.1044921875
Fusobacterium_sp_oral_taxon_370	6.52191162109375
Mitsuokella_multacida	0.859130859375
Anaerococcus_vaginalis	0.000732421875
Bacteroides_salyersiae	0.1348876953125
Bacteroides_eggerthii	0.03851318359375
Lactobacillus_rogosae	2.140380859375
Actinomyces_sp_oral_taxon_181	1.41619873046875
Bifidobacterium_dentium	0.49267578125
Alloscardovia_omnicolens	3.30633544921875
Mogibacterium_diversum	1.98583984375
Streptococcus_vestibularis	1.983642578125
Aeriscardovia_aeriphila	0.65325927734375
Bacteroides_galacturonicus	1.82318115234375
Actinomyces_odontolyticus	4.06451416015625
Actinomyces_sp_HMSC035G02	16.333740234375
Sellimonas_intestinalis	0.16680908203125
Actinomyces_sp_S6_Spd3	2.66339111328125
Olsenella_profusa	0.92218017578125
Streptococcus_sp_HPH0090	0.73583984375
Bacteroides_coprophilus	0.00946044921875
Fusobacterium_periodonticum	3.66717529296875
Paraprevotella_clara	0.7039794921875
Gemella_asaccharolytica	2.22918701171875
Actinomyces_sp_oral_taxon_448	1.053466796875
Clostridium_scindens	1.10626220703125
Prevotella_timonensis	0.548828125
Prevotella_sp_CAG_1031	0.0921630859375
Eubacterium_sp_CAG_251	0.09295654296875
Peptostreptococcus_anaerobius	3.79962158203125
Peptoniphilus_harei	0.13848876953125
Streptococcus_pasteurianus	2.25372314453125
Holdemanella_biformis	7.81268310546875
Blautia_producta	1.6536865234375
Slackia_exigua	2.27069091796875
Coprobacter_fastidiosus	1.5216064453125
Bacteroides_finegoldii	2.93914794921875
Candidatus_Stoquefichus_sp_KLE1796	0.389404296875
Clostridium_lavalense	0.74395751953125
Cloacibacillus_evryensis	1.32196044921875
Clostridium_methylpentosum	3.26190185546875
Prevotella_stercorea	1.90460205078125
Blautia_coccoides	0.2821044921875
Actinomyces_graevenitzii	2.0489501953125
Butyricimonas_synergistica	2.5213623046875
Clostridium_aldenense	1.2305908203125
Blautia_sp_CAG_257	0.00836181640625
Gemella_bergeri	0.62445068359375
Lactococcus_piscium	0.0
Propionibacterium_acidifaciens	3.62255859375
Alistipes_onderdonkii	0.41021728515625
Leuconostoc_citreum	0.03875732421875
Lactonifactor_longoviformis	0.4478759765625
Streptococcus_cristatus	0.0614013671875
Eubacterium_infirmum	3.26141357421875
Dialister_sp_CAG_357	0.45159912109375
Ruminococcus_lactaris	2.49951171875
Clostridium_spiroforme	0.35882568359375
Coprobacter_secundus	0.09466552734375
Roseburia_sp_CAG_303	2.17059326171875
Roseburia_sp_CAG_309	1.0811767578125
Sutterella_parvirubra	5.3232421875
Mogibacterium_timidum	1.2899169921875
Treponema_denticola	0.65325927734375
Klebsiella_aerogenes	0.0986328125
Megamonas_rupellensis	0.03875732421875
Dorea_sp_CAG_317	0.11627197265625
Eubacterium_sp_CAG_274	0.0001220703125
Lactobacillus_mucosae	0.20123291015625
Dialister_succinatiphilus	0.24578857421875
Prevotella_sp_CAG_617	0.65325927734375
Veillonella_atypica	0.57080078125
Clostridium_ventriculi	0.0
Parabacteroides_sp_CAG_409	0.9996337890625
Enterococcus_faecium	0.55084228515625
Atopobium_deltae	0.35040283203125
Porphyromonas_sp_HMSC065F10	0.49163818359375
Parabacteroides_johnsonii	0.2265625
Streptococcus_mitis	3.08807373046875
Prevotella_bivia	0.01812744140625
Enterococcus_faecalis	0.2265625
Scardovia_wiggsiae	0.04461669921875
Actinomyces_sp_HPA0247	0.00860595703125
Firmicutes_bacterium_CAG_94	0.83050537109375
Abiotrophia_sp_HMSC24B09	0.1075439453125
Butyricicoccus_pullicaecorum	2.71478271484375
Fusobacterium_mortiferum	5.654296875
Rothia_mucilaginosa	0.03399658203125
Aggregatibacter_segnis	4.21173095703125
Acidaminococcus_sp_CAG_542	0.12896728515625
Clostridioides_difficile	2.22918701171875
Shewanella_algae	0.35040283203125
Clostridium_bolteae_CAG_59	1.3544921875
Subdoligranulum_variabile	0.0
Lautropia_mirabilis	0.03875732421875
Acidaminococcus_fermentans	0.03985595703125
Desulfovibrio_sp_An276	0.0
Turicimonas_muris	1.2449951171875
Proteobacteria_bacterium_CAG_139	3.154296875
Tyzzerella_nexilis	2.368408203125
Bacteroides_clarus	1.89263916015625
Fusobacterium_varium	0.006591796875
Phascolarctobacterium_sp_CAG_266	0.7645263671875
Bacteroides_faecichinchillae	0.548828125
Clostridium_sp_chh4_2	1.6748046875
Lactobacillus_paragasseri	0.2265625
Lactobacillus_salivarius	0.89129638671875
Anaerotignum_lactatifermentans	3.8994140625
Veillonella_sp_T11011_6	2.02386474609375
Veillonella_dispar	0.3372802734375
Allisonella_histaminiformans	2.04400634765625
Fusobacterium_ulcerans	4.93487548828125
Streptococcus_milleri	0.22039794921875
Aeromonas_veronii	0.0418701171875
Streptococcus_sp_F0442	3.00421142578125
Megasphaera_micronuciformis	1.69110107421875
Veillonella_tobetsuensis	3.30560302734375
Prevotella_sp_CAG_520	2.0875244140625
Bifidobacterium_bifidum	2.176025390625
Megamonas_funiformis_CAG_377	0.02801513671875
Enterobacter_cloacae_complex	2.609619140625
Bacteroides_sp_OM08_11	0.000732421875
Desulfovibrionaceae_bacterium	2.73291015625
Rothia_dentocariosa	1.02984619140625
Hafnia_paralvei	0.000732421875
Leuconostoc_lactis	2.22918701171875
Klebsiella_variicola_CAG_634	0.0
Lactococcus_petauri	0.02392578125
Lactococcus_garvieae	0.48651123046875
Streptococcus_infantarius	0.0
Clostridium_sp_CAG_253	0.293212890625
Streptococcus_lutetiensis	1.33380126953125
Citrobacter_youngae	0.17205810546875
Weissella_confusa	0.62445068359375
Alistipes_inops	0.5506591796875
Bacteroides_faecis_CAG_32	0.20123291015625
Citrobacter_freundii	0.155517578125
Citrobacter_portucalensis	0.12896728515625
Citrobacter_braakii	0.19854736328125
Raoultella_ornithinolytica	3.66546630859375
Citrobacter_pasteurii	0.62445068359375
Enterobacter_mori	0.63775634765625
Bacteroides_sp_OM05_12	1.6748046875
Kluyvera_ascorbata	3.97076416015625
Atopobium_rimae	2.6864013671875
Campylobacter_hominis	0.03875732421875
Klebsiella_michiganensis	0.7645263671875
Citrobacter_werkmanii	0.0418701171875
Clostridium_celatum	0.5118408203125
Klebsiella_oxytoca	0.26898193359375
Eubacterium_callanderi	1.24432373046875
Eubacterium_nodatum	0.2998046875
Prevotella_corporis	2.609130859375
Raoultella_planticola	0.0516357421875
Atopobium_parvulum	11.3749389648438
Actinomyces_sp_oral_taxon_414	0.92218017578125
Corynebacterium_matruchotii	0.92218017578125
Corynebacterium_durum	0.15234375
Anaerofilum_sp_An201	0.602783203125
Streptococcus_sinensis	0.92218017578125
Butyribacterium_methylotrophicum	0.2998046875
Abiotrophia_defectiva	0.15289306640625
Granulicatella_elegans	5.2764892578125
Actinomyces_sp_oral_taxon_897	0.92218017578125
Actinomyces_turicensis	0.30108642578125
Blautia_hydrogenotrophica	1.43975830078125
Eikenella_corrodens	0.602783203125
Clostridium_hylemonae	0.01812744140625
Clostridium_sp_D5	0.34210205078125
Bifidobacterium_breve	0.4427490234375
Cardiobacterium_valvarum	0.03875732421875
Eggerthia_catenaformis	0.62445068359375
Actinobaculum_sp_oral_taxon_183	1.53570556640625
Oribacterium_parvum	7.56719970703125
Pseudopropionibacterium_propionicum	0.03875732421875
Streptococcus_sp_oral_taxon_058	0.65325927734375
Dialister_invisus	0.0113525390625
Actinomyces_oris	4.06304931640625
Anaerostipes_caccae	0.025146484375
Actinomyces_hongkongensis	0.35040283203125
Lachnospiraceae_bacterium_2_1_46FAA	0.15234375
Enterococcus_hirae	1.559326171875
Parvimonas_sp_oral_taxon_393	0.92218017578125
Pyramidobacter_piscolens	0.02801513671875
Methanobrevibacter_oralis	0.0
Pyramidobacter_sp_C12_8	0.62445068359375
Streptococcus_gallolyticus	0.35040283203125
Bifidobacterium_catenulatum	0.63775634765625
Desulfovibrio_vulgaris	0.0
Enterococcus_gallinarum	0.00286865234375
Streptococcus_thermophilus	0.21563720703125
Lactobacillus_delbrueckii	0.08746337890625
Saccharomyces_cerevisiae	0.65325927734375
Faecalicoccus_pleomorphus	0.07171630859375
Oribacterium_sinus	2.80780029296875
Streptococcus_mutans	2.2449951171875
Veillonella_rogosae	1.17523193359375
Parvimonas_sp_KA00067	0.92218017578125
Streptococcus_viridans	0.0198974609375
Clostridium_cadaveris	0.0
Lactobacillus_ruminis	2.06317138671875
Bacteroides_sp_CAG_633	0.62445068359375
Massiliomicrobiota_timonensis	0.1593017578125
Lachnoclostridium_sp_An118	0.78680419921875
Citrobacter_koseri	1.0792236328125
Pediococcus_acidilactici	0.03875732421875
Lactobacillus_sanfranciscensis	5.2764892578125
Aggregatibacter_aphrophilus	0.34210205078125
Dorea_sp_D27	0.0
Porphyromonas_gingivalis	0.14349365234375
Pseudoflavonifractor_sp_An184	1.2283935546875
Campylobacter_ureolyticus	2.22918701171875
Prevotella_buccalis	0.0921630859375
Parvimonas_sp_oral_taxon_110	1.559326171875
Bacteroides_stercorirosoris	0.49163818359375
Lachnoclostridium_sp_An131	0.0986328125
Lachnoclostridium_sp_An138	0.5494384765625
Flavonifractor_sp_An10	0.0516357421875
Shuttleworthia_satelles	0.0418701171875
Lactobacillus_pontis	0.65325927734375
Lachnospiraceae_bacterium_oral_taxon_096	1.94580078125
Lactococcus_lactis	0.02862548828125
Actinomyces_naeslundii	0.354736328125
Actinomyces_massiliensis	1.559326171875
Streptococcus_pseudopneumoniae	0.06964111328125
Citrobacter_europaeus	0.59161376953125
Leuconostoc_garlicum	0.2998046875
Eubacterium_brachy	3.30303955078125
Prevotella_sp_AM42_24	0.91943359375
Enterococcus_mundtii	0.0
Fusobacterium_naviforme	0.35040283203125
Porphyromonas_uenonis	1.34027099609375
Lactobacillus_crispatus	0.0423583984375
Selenomonas_noxia	0.0921630859375
Haemophilus_sp_HMSC71H05	0.02728271484375
Selenomonas_infelix	0.0
Stomatobaculum_longum	1.01416015625
Lactobacillus_pentosus	0.65325927734375
Lactobacillus_fermentum	0.016845703125
Criibacterium_bergeronii	0.35040283203125
Bacteroides_pyogenes	0.0
Ruminococcus_champanellensis	3.97076416015625
Campylobacter_gracilis	0.0198974609375
Alistipes_timonensis	0.30108642578125
Mogibacterium_pumilum	1.53570556640625
Ruminococcus_sp_CAG_579	0.92218017578125
Fusobacterium_gonidiaformans	3.62255859375
Leptotrichia_hofstadii	0.03875732421875
Corynebacterium_argentoratense	1.0413818359375
Streptococcus_peroris	1.053466796875
Prevotella_sp_885	0.10546875
Prevotella_sp_CAG_1092	0.01861572265625
Ruminococcus_sp_CAG_330	1.11260986328125
Prevotella_sp_CAG_873	1.0413818359375
Anaerobiospirillum_thomasii	0.35040283203125
Mitsuokella_jalaludinii	0.367431640625
Methanosphaera_cuniculi	0.0
Peptostreptococcus_sp_MV1	0.0
Fusobacterium_hwasookii	0.92218017578125
Prevotella_disiens	0.18963623046875
Bacteroides_faecis	0.02001953125
Megasphaera_sp_DISK_18	0.01861572265625
Megasphaera_sp_MJR8396C	0.109619140625
Prevotella_sp_CAG_485	0.02392578125
Streptococcus_sp_M334	1.24200439453125
Victivallis_vadensis	0.0103759765625
Haemophilus_paraphrohaemolyticus	0.62445068359375
Neisseria_flavescens	0.36676025390625
Bacteroides_sartorii	0.92218017578125
Enterococcus_casseliflavus	0.14349365234375
Leuconostoc_gelidum	0.92218017578125
Absiella_dolichum	3.07080078125
Eubacterium_dolichum_CAG_375	1.97381591796875
Weissella_minor	0.0
Enterobacter_bugandensis	1.053466796875
Leuconostoc_carnosum	0.0
Gardnerella_vaginalis	0.27215576171875
Streptococcus_sobrinus	2.2529296875
Streptococcus_downei	0.389404296875
Clostridium_paraputrificum	0.64678955078125
Clostridium_neonatale	2.40960693359375
Proteus_vulgaris	0.03875732421875
Murimonas_intestini	0.08795166015625
Gemmiger_sp_An87	0.400634765625
Pseudoflavonifractor_capillosus	0.26641845703125
Carnobacterium_divergens	0.65325927734375
Lactobacillus_gasseri	0.2998046875
Haemophilus_pittmaniae	0.0921630859375
Faecalicatena_orotica	0.0418701171875
Haemophilus_sputorum	0.5975341796875
Streptococcus_macedonicus	0.35040283203125
Porphyromonas_canoris	0.0
Eubacteriaceae_bacterium_CHKCI005	0.03802490234375
Neisseria_subflava	1.24200439453125
Oscillibacter_sp_PC13	1.0811767578125
Firmicutes_bacterium_CAG_646	0.3455810546875
Neisseria_perflava	2.91888427734375
Neisseria_mucosa	2.91888427734375
Atopobium_vaginae	0.92218017578125
Peptoniphilus_duerdenii	0.0
Dysgonomonas_sp_37_18	0.65325927734375
Prevotella_buccae	1.97808837890625
Chlamydia_ibidis	0.0
Clostridiales_bacterium_CHKCI006	0.49163818359375
Methanosphaera_stadtmanae	0.0015869140625
Bacteroides_oleiciplenus	1.053466796875
Veillonella_denticariosi	0.34210205078125
Parascardovia_denticolens	5.787353515625
Flavonifractor_sp_An100	0.1865234375
Bacteroides_sp_CAG_462	0.48651123046875
Barnesiella_sp_An22	0.03875732421875
Macrococcus_caseolyticus	0.0
Hungatella_effluvii	0.0
Bifidobacterium_pullorum	0.0
Bifidobacterium_thermacidophilum	0.0
Cetobacterium_somerae	0.92218017578125
Finegoldia_magna	0.0015869140625
Sneathia_amnii	1.559326171875
Anaerococcus_lactolyticus	0.35040283203125
Firmicutes_bacterium_CAG_424	0.2412109375
Alistipes_sp_An31A	0.02392578125
Lactobacillus_vaginalis	0.0921630859375
Prevotella_sp_CAG_1185	2.90936279296875
Bacteroides_sp_CAG_598	0.03875732421875
Succinatimonas_hippei	2.993408203125
Prevotella_histicola	4.49005126953125
Methanobrevibacter_woesei	0.0
Ruminococcus_sp_CAG_563	0.35040283203125
Ruminococcus_sp_CAG_488	0.0921630859375
Lactobacillus_sakei	0.62445068359375
Serratia_liquefaciens	0.03875732421875
Hafnia_alvei	1.053466796875
Kluyvera_cryocrescens	0.5118408203125
Anaeroglobus_geminatus	0.490966796875
Comamonas_kerstersii	0.62445068359375
Clostridium_sp_CAG_411	0.0
Bacteroides_sp_43_108	0.92218017578125
Pantoea_brenneri	0.0
Paraclostridium_bifermentans	0.92218017578125
Megasphaera_stantonii	0.62445068359375
Lachnoanaerobaculum_saburreum	6.97100830078125
Lactobacillus_plantarum	1.20770263671875
Edwardsiella_tarda	2.22918701171875
Leuconostoc_mesenteroides	1.559326171875
Pediococcus_pentosaceus	0.0
Salmonella_enterica	0.0
Lactobacillus_helveticus	0.0
Lactobacillus_mindensis	0.0
Butyrivibrio_crossotus	0.03875732421875
Pseudomonas_simiae	0.0
Bacteroides_coagulans	0.08795166015625
Streptococcus_sp_HMSC034E03	0.00860595703125
Olsenella_uli	1.57525634765625
Actinomyces_sp_oral_taxon_180	0.5897216796875
Lactobacillus_amylovorus	1.053466796875
Desulfovibrio_fairfieldensis	1.6748046875
Actinomyces_viscosus	2.05718994140625
Terrisporobacter_othiniensis	2.06317138671875
Haemophilus_parahaemolyticus	7.96282958984375
Aeromonas_caviae	0.000732421875
Campylobacter_concisus	0.3504638671875
Porphyromonas_endodontalis	2.7427978515625
Bacteroides_heparinolyticus	0.0418701171875
Treponema_medium	0.35040283203125
Campylobacter_rectus	0.35040283203125
Synergistes_jonesii	0.03875732421875
Methanobrevibacter_arboriphilus	0.35040283203125
Citrobacter_sp_MGH106	0.03875732421875
Parabacteroides_chinchillae	0.0
Marvinbryantia_formatexigens	0.0
Peptoniphilus_lacrimalis	0.13848876953125
Clostridium_sp_SY8519	0.03875732421875
Streptococcus_sp_NLAE_zl_C503	0.0418701171875
Alloprevotella_tannerae	4.9261474609375
Prevotella_oris	1.53570556640625
Clostridium_butyricum	0.06170654296875
Pluralibacter_gergoviae	0.0
Prevotella_colorans	0.65325927734375
Prevotella_sp_S7_1_8	0.0
Atlantibacter_hermannii	0.35040283203125
Bifidobacterium_animalis	1.2850341796875
Anaerococcus_tetradius	0.0
Lactococcus_plantarum	0.0
Bifidobacterium_mongoliense	0.0
Corynebacterium_variabile	0.0
Sodalis_praecaptivus	0.0
Blautia_sp_An249	0.5897216796875
Lactobacillus_reuteri	0.0418701171875
Bacteroides_fluxus	0.0418701171875
Enterococcus_durans	0.0
Clostridium_sp_CAG_167	1.053466796875
Ruminococcus_obeum_CAG_39	2.609130859375
Collinsella_massiliensis	2.0875244140625
Helicobacter_trogontum	0.0
Campylobacter_curvus	0.35040283203125
Bacteroides_sp_CAG_144	1.9075927734375
Pseudomonas_aeruginosa_group	1.34027099609375
Weissella_viridescens	0.0
Anaerotruncus_sp_CAG_528	2.22918701171875
Mycobacterium_canettii	0.0
Mycobacterium_tuberculosis	0.0
Leclercia_adecarboxylata	0.00860595703125
Escherichia_albertii	0.0
Lactobacillus_zymae	0.0
Bacteroides_pectinophilus	0.35040283203125
Pseudomonas_fragi	0.03875732421875
Enterobacter_soli	0.65325927734375
Blastocystis_sp_subtype_1	0.48651123046875
Plesiomonas_shigelloides	0.0
Raoultella_terrigena	0.35040283203125
Kosakonia_cowanii	0.92218017578125
Salipiger_profundus	0.0
Campylobacter_showae	0.0921630859375
Clostridium_sp_CAG_590	0.0
Sphingomonas_paucimobilis	0.0
Cutibacterium_acnes	0.65325927734375
Micrococcus_luteus	0.0
Pseudonocardia_ammonioxydans	0.0
Brevundimonas_vesicularis	0.0
Bosea_vaviloviae	0.0
Sphingomonas_ginsenosidimutans	0.0
Methylorubrum_extorquens	0.0
Butyrivibrio_sp_CAG_318	1.20770263671875
Eubacterium_sp_CAG_786	0.0
Prevotella_denticola	1.77777099609375
Ruminococcus_sp_CAG_624	1.20770263671875
Haemophilus_haemolyticus	1.265869140625
Pseudomonas_versuta	0.0
Neisseria_macacae	0.0
Rothia_aeria	0.0921630859375
Actinomyces_georgiae	0.35040283203125
Methylobacterium_phyllosphaerae	0.0
Bacteroides_sp_CAG_443	0.49163818359375
Lactobacillus_agilis	0.0
Oribacterium_sp_oral_taxon_078	0.0
Anaerolineaceae_bacterium_oral_taxon_439	0.0
Selenomonas_sputigena	7.2613525390625
Aeromonas_media	1.559326171875
Acinetobacter_johnsonii	0.65325927734375
Clostridium_sp_CAG_632	0.0
Acidovorax_sp_MR_S7	0.0
Streptococcus_pneumoniae	0.08795166015625
Actinomyces_johnsonii	5.05859375
Pseudoramibacter_alactolyticus	0.03875732421875
Coprothermobacter_proteolyticus	0.0
Acetomicrobium_flavidum	0.0
Laribacter_hongkongensis	0.0
Neisseria_elongata	0.92218017578125
Providencia_alcalifaciens	0.65325927734375
Propionibacterium_freudenreichii	0.0
Prevotella_sp_CAG_755	0.65325927734375
Prevotella_sp_CAG_1124	0.65325927734375
Fusobacterium_sp_CAG_439	0.000732421875
Firmicutes_bacterium_CAG_791	0.03875732421875
Eubacterium_coprostanoligenes	0.65325927734375
Candidatus_Gastranaerophilales_bacterium	0.48651123046875
Megasphaera_hexanoica	1.6748046875
Gemmiger_sp_An120	0.35040283203125
Lactobacillus_coleohominis	0.0
Peptoniphilus_sp_BV3C26	0.0
Peptoniphilus_sp_HMSC062D09	0.65325927734375
Eubacterium_sp_An11	0.35040283203125
Bifidobacterium_saeculare	0.0
Bacteroides_sp_CAG_927	0.0
Candidatus_Methanomassiliicoccus_intestinalis	0.0
Lactobacillus_curvatus	0.03875732421875
Lactobacillus_kalixensis	0.92218017578125
Lactobacillus_oris	0.1954345703125
Bifidobacterium_angulatum	0.0
Enterobacter_sp_FS01	0.0
Alistipes_sp_An66	0.49163818359375
Firmicutes_bacterium_CAG_534	0.65325927734375
Prevotella_melaninogenica	4.56658935546875
Prevotella_salivae	0.602783203125
Veillonella_rodentium	0.2998046875
Morococcus_cerebrosus	0.92218017578125
Neisseria_sicca	2.05718994140625
Phascolarctobacterium_sp	0.0
Lactobacillus_johnsonii	0.35040283203125
Lactobacillus_saerimneri	0.0
Prevotella_sp_CAG_1058	0.0921630859375
Bacteroides_sp_CAG_661	0.0
Bacteroides_sp_An322	0.0
Serratia_ficaria	0.0
Escherichia_marmotae	2.79766845703125
Bacteroides_sp_CAG_530	0.27215576171875
Lactobacillus_acidophilus	0.03875732421875
Schwartzia_succinivorans	0.0
Tropheryma_whipplei	0.0
Bifidobacterium_kashiwanohense	3.49420166015625
Escherichia_fergusonii	0.0
Bacteroides_caecimuris	0.65325927734375
Streptococcus_equinus	0.0
Blautia_sp_N6H1_15	0.13848876953125
Veillonella_sp_CAG_933	0.0008544921875
Barnesiella_sp_An55	0.0
Streptococcus_salivarius_CAG_79	0.0
Clostridium_sp_CAG_964	0.27215576171875
Bifidobacterium_gallinarum	0.0
Brachyspira_sp_CAG_700	0.2115478515625
Dickeya_chrysanthemi	0.0
Dickeya_fangzhongdai	0.0
Prevotella_sp_CAG_924	0.0
Alistipes_sp_CAG_831	0.0
Prevotella_jejuni	0.00860595703125
Prevotella_sp_oral_taxon_306	4.3939208984375
Streptococcus_sp_HMSC070B10	0.0
Lachnoclostridium_sp_An14	1.6947021484375
Prevotella_sp_oral_taxon_376	0.35040283203125
Leuconostoc_pseudomesenteroides	0.0
Campylobacter_upsaliensis	0.03875732421875
Enterococcus_gilvus	0.35040283203125
Enterococcus_malodoratus	0.0
Enterococcus_devriesei	0.0
Brevibacterium_linens	0.0
Brevibacterium_aurantiacum	0.0
Rikenella_microfusus	0.48651123046875
Prevotella_sp_CAG_1320	0.0
Staphylococcus_xylosus	0.0
Megasphaera_cerevisiae	0.08795166015625
Firmicutes_bacterium_CAG_555	0.65325927734375
Odoribacter_laneus	0.2265625
Brachyspira_pilosicoli	0.34210205078125
Lactococcus_raffinolactis	0.35040283203125
Leptotrichia_wadei	0.65325927734375
Clostridium_sp_CAG_678	0.0418701171875
Varibaculum_cambriense	0.0418701171875
Bacteroides_salanitronis	0.0
Lactobacillus_rhamnosus	0.5118408203125
Veillonella_seminalis	0.0
Giardia_intestinalis	2.91888427734375
Lactobacillus_animalis	0.0
Alistipes_sp_CHKCI003	0.0
Fusobacterium_necrophorum	3.62255859375
Muribaculum_intestinale	0.0
Entamoeba_dispar	0.0
Actinotignum_schaalii	0.0
Entamoeba_histolytica	0.0
Serratia_marcescens	0.00860595703125
Butyricicoccus_porcorum	0.0
Campylobacter_jejuni	0.0
Pseudocitrobacter_faecalis	0.0
Pedobacter_himalayensis	0.0
Prevotella_multisaccharivorax	0.0
Cronobacter_sakazakii	0.65325927734375
Clostridium_sp_7_2_43FAA	0.13848876953125
Helicobacter_pullorum	0.65325927734375
Lachnoclostridium_sp_An76	0.0
Prevotella_nigrescens	2.7427978515625
Streptococcus_sp_oral_taxon_056	0.49163818359375
Lactobacillus_brevis	0.65325927734375
Arcobacter_butzleri	0.03875732421875
Bacteroidetes_bacterium_oral_taxon_272	0.03875732421875
Prevotella_oralis	0.03875732421875
Gemmiger_sp_An194	0.5118408203125
Helicobacter_cinaedi	0.9410400390625
Lactobacillus_gastricus	0.65325927734375
Mucispirillum_schaedleri	0.0
Candidatus_Methanomethylophilus_sp_1R26	0.0
Lachnoclostridium_sp_An196	0.35040283203125
Treponema_succinifaciens	0.0
Eubacterium_pyruvativorans	0.0
Barnesiella_viscericola	0.0
Bifidobacterium_scardovii	0.65325927734375
Staphylococcus_aureus	1.053466796875
Staphylococcus_simulans	0.0
Pantoea_agglomerans	0.0
Pantoea_vagans	0.0
Clostridium_baratii	0.0
Fusobacterium_equinum	0.35040283203125
Carnobacterium_maltaromaticum	0.0
Treponema_berlinense	0.35040283203125
Enterococcus_asini	0.65325927734375
Anaeromassilibacillus_sp_An172	0.0418701171875
Corynebacterium_casei	0.0
Methanosphaera_sp_SHI1033	0.35040283203125
Methanomassiliicoccales_archaeon_RumEn_M1	0.0
Muribaculaceae_bacterium_DSM_103720	0.0
Staphylococcus_equorum	0.0
Staphylococcus_vitulinus	0.0
Lactobacillus_algidus	0.35040283203125
Providencia_rustigianii	0.0
Lachnoclostridium_sp_An181	0.0
Escherichia_sp_ESNIH1	0.35040283203125
Prevotella_sp_P3_122	0.0
Streptococcus_massiliensis	0.0
Peptococcus_niger	0.0418701171875
Gemmiger_sp_An50	1.053466796875
Selenomonas_artemidis	0.0
Lactobacillus_iners	0.62445068359375
Paeniclostridium_sordellii	0.03875732421875
Clostridium_hiranonis	2.22918701171875
Veillonella_criceti	0.0
Staphylococcus_saprophyticus	0.0
Enterococcus_thailandicus	0.35040283203125
Pseudescherichia_vulneris	0.0
Anaerostipes_sp_494a	0.0
Pantoea_anthophila	0.0
Lawsonella_clevelandensis	0.13848876953125
Bifidobacterium_ruminantium	0.0
Lactobacillus_nodensis	0.0
Actinomyces_radicidentis	0.35040283203125
Lactobacillus_ultunensis	0.0
Moraxella_osloensis	0.0
Enhydrobacter_aerosaccus	0.0
Megasphaera_sp_BV3C16_1	0.0
Lactobacillus_versmoldensis	0.0
Flavonifractor_sp_An82	0.92218017578125
Pseudomonas_helleri	0.0
Bacteroides_graminisolvens	0.0
Coprobacter_sp	0.0
Lactobacillus_gallinarum	0.0
Acinetobacter_pittii	0.0
Desulfovibrio_sp_MES5	0.0
Leptotrichia_sp_oral_taxon_215	0.35040283203125
Prevotella_oulorum	0.49163818359375
Selenomonas_sp_oral_taxon_920	0.35040283203125
Prevotella_dentalis	0.65325927734375
Mageeibacillus_indolicus	0.35040283203125
Dialister_micraerophilus	0.92218017578125
Tissierellia_bacterium_KA00581	0.0
Pseudoflavonifractor_sp_An85	0.0
Cutibacterium_granulosum	0.0
Kocuria_palustris	0.0
Acinetobacter_lwoffii	0.0
Micrococcus_lylae	0.0
Pararheinheimera_mesophila	0.0
Porphyromonas_somerae	0.14349365234375
Neisseria_sp_oral_taxon_014	0.35040283203125
Staphylococcus_epidermidis	0.0
Micrococcus_aloeverae	0.0
Arthrospira_platensis	0.0
Dysgonomonas_mossii	0.0
Acinetobacter_ursingii	0.0
Aeromonas_hydrophila	2.22918701171875
Aeromonas_dhakensis	2.22918701171875
Actinomyces_urogenitalis	0.0
Lactobacillus_vaccinostercus	0.0
Enterococcus_sp_3H8_DIV0648	0.0
Kosakonia_sp_S29	0.65325927734375
Enterococcus_raffinosus	0.13848876953125
Prevotella_amnii	0.92218017578125
Staphylococcus_hominis	0.0
Cronobacter_malonaticus	0.0
Pseudomonas_guguanensis	0.0
Lactobacillus_jensenii	0.0
Aggregatibacter_sp_oral_taxon_458	0.03466796875
Anaerocolumna_aminovalerica	0.0
Clostridium_sporogenes	0.0
Clostridium_botulinum	0.0
Corynebacterium_amycolatum	0.0
Bacteroidales_bacterium_KA00251	0.0
Clostridium_celerecrescens	0.0
Cellulosilyticum_lentocellum	0.35040283203125
Dysgonomonas_gadei	1.6748046875
Citrobacter_farmeri	0.27215576171875
Robinsoniella_sp_RHS	0.0
Frigoribacterium_sp_Leaf8	0.0
Clostridium_sp_MSTE9	0.0
Treponema_lecithinolyticum	0.0
Flavonifractor_sp_An306	0.35040283203125
Proteus_penneri	0.0
Corynebacterium_kroppenstedtii	0.0
Wohlfahrtiimonas_chitiniclastica	0.0
Peptoniphilus_coxii	0.03875732421875
Prevotella_bergensis	0.0
Neisseria_cinerea	0.0
Corynebacterium_oculi	0.0
Corynebacterium_accolens	0.92218017578125
Actinomyces_europaeus	0.35040283203125
Anaerosporobacter_mobilis	0.0
Kosakonia_sacchari	0.65325927734375
Obesumbacterium_proteus	0.0
Aerococcus_urinaeequi	0.0
Thermoleophilum_album	0.0
Actinotignum_timonense	0.0
Haemophilus_influenzae	0.0
Bacteroidetes_oral_taxon_274	0.0
Bifidobacterium_asteroides	0.0
Enterococcus_pseudoavium	0.0
Microvirgula_aerodenitrificans	0.0
Yersinia_frederiksenii	0.0
Paenibacillus_macerans	0.0
Bavariicoccus_seileri	0.0
Prevotella_pallens	4.49249267578125
Anaerostipes_sp_992a	0.0
Lachnoclostridium_sp_An298	0.92218017578125
Enterococcus_dispar	0.35040283203125
Atopobium_minutum	0.0418701171875
Lactobacillus_apis	0.0
Lactobacillus_kullabergensis	0.0
Lactobacillus_helsingborgensis	0.0
Lactobacillus_kimbladii	0.0
Pantoea_dispersa	0.0
Kluyvera_intestini	0.65325927734375
Trueperella_bernardiae	0.0
Sporanaerobacter_sp_PP17_6a	0.0
Lactobacillus_fuchuensis	0.0
Veillonellaceae_bacterium_DNF00626	0.35040283203125
Weissella_koreensis	0.0
Lactobacillus_paraplantarum	0.0
Leuconostoc_suionicum	0.0
Roseburia_sp_831b	0.0
Kocuria_rhizophila	0.0
Stenotrophomonas_maltophilia	0.35040283203125
Prevotella_sp_oral_taxon_299	0.0
Neisseria_bacilliformis	0.0
Serratia_fonticola	0.0
Ralstonia_pickettii	1.34027099609375
Streptococcus_sp_SK643	0.35040283203125
Prevotella_veroralis	0.35040283203125
Alloprevotella_rava	1.559326171875
Serratia_ureilytica	0.0
Negativicoccus_succinicivorans	0.0
Oribacterium_asaccharolyticum	2.05718994140625
Selenomonas_sp_oral_taxon_138	0.0
Paenibacillus_lactis	0.0
Tannerella_sp_oral_taxon_HOT_286	0.0
Actinomyces_sp_oral_taxon_170	1.6748046875
Stenotrophomonas_rhizophila	0.35040283203125
Meiothermus_silvanus	0.0418701171875
Thermus_scotoductus	0.0418701171875
Eubacterium_saphenum	5.02099609375
Actinomyces_meyeri	0.0
Streptococcus_sp_HMSC071D03	0.03875732421875
Streptococcus_sp_HMSC067H01	0.13848876953125
Selenomonas_sp_oral_taxon_126	2.22918701171875
Moraxella_catarrhalis	0.35040283203125
Aeromonas_allosaccharophila	1.559326171875
Photobacterium_damselae	0.35040283203125
Neisseria_polysaccharea	0.35040283203125
Jonquetella_anthropi	0.65325927734375
Selenomonas_flueggei	1.6748046875
Eikenella_sp_NML130454	0.65325927734375
Kingella_oralis	0.65325927734375
Lachnoanaerobaculum_umeaense	0.0418701171875
Klebsiella_grimontii	0.35040283203125
Dolosigranulum_pigrum	0.35040283203125
Helicobacter_pylori	0.27215576171875
Centipeda_periodontii	0.35040283203125
Treponema_vincentii	0.35040283203125
Treponema_socranskii	0.35040283203125
Leptotrichia_sp_oral_taxon_212	0.35040283203125
Prevotella_multiformis	0.92218017578125
Tyzzerella_sp_An114	0.000732421875
Enterococcus_canis	0.65325927734375
Bifidobacterium_moukalabense	0.35040283203125
Aerococcus_christensenii	0.35040283203125
Helicobacter_equorum	0.65325927734375
Mitsuokella_sp_oral_taxon_131	0.35040283203125
Tannerella_forsythia	0.65325927734375
Prevotella_baroniae	0.65325927734375
Prevotella_scopos	0.65325927734375
Scardovia_inopinata	0.35040283203125
Lelliottia_jeotgali	0.35040283203125
Corynebacterium_simulans	0.35040283203125
Haemophilus_quentini	0.35040283203125
Lactobacillus_equicursoris	0.35040283203125
Kluyvera_intermedia	0.65325927734375
Bifidobacterium_merycicum	0.65325927734375
Phytobacter_ursingii	1.6748046875
Acetatifactor_muris	0.0
Lactobacillus_antri	0.0
Providencia_rettgeri	0.0
Serratia_rubidaea	0.0
Clavibacter_michiganensis	0.0
Cloacibacterium_normanense	0.0
Acinetobacter_junii	0.0
Acidovorax_caeni	0.0
Comamonas_aquatica	0.0
Staphylococcus_pasteuri	0.0
Pseudomonas_lundensis	0.0
Streptococcus_suis	0.0
Corynebacterium_callunae	0.0
Brachybacterium_alimentarium	0.0
Methanobacterium_formicicum	0.0
Serratia_proteamaculans	0.0
Treponema_maltophilum	0.0
Treponema_sp_OMZ_838	0.0
Selenomonas_sp_FOBRC6	0.0
Pseudomonas_putida_group	0.0
Enterobacter_sp_638	0.0
Facklamia_hominis	0.0
Anaerococcus_prevotii	0.0
Eubacterium_maltosivorans	0.0
Anaerococcus_hydrogenalis	0.0
Actinobaculum_massiliense	0.0
Bacillus_sp_FJAT_27916	0.0
Staphylococcus_succinus	0.0
Corynebacterium_riegelii	0.0
Cloacibacillus_sp_An23	0.0
Lactobacillus_alimentarius	0.0
Corynebacterium_glutamicum	0.0
Bacillus_cereus_group	0.0
Acinetobacter_parvus	0.0
Mycoplasma_bovis	0.0
Pyrococcus_yayanosii	0.0
Streptococcus_pyogenes	0.0
Lactobacillus_pantheris	0.0
Streptococcus_parauberis	0.0
Lactobacillus_farciminis	0.0
Vibrio_kanaloae	0.0
Lactobacillus_kitasatonis	0.0
Vibrio_fluvialis	0.0
Desulfovibrio_legallii	0.0
Halomonas_boliviensis	0.0
Xanthomonas_phaseoli	0.0
Mycolicibacterium_obuense	0.0
Kocuria_indica	0.0
Sphingopyxis_granuli	0.0
Kocuria_marina	0.0
Microlunatus_phosphovorus	0.0
Sphingopyxis_terrae	0.0
Fusobacterium_necrogenes	0.0
Ileibacterium_valens	0.0
Leuconostoc_kimchii	0.0
Pseudoalteromonas_tetraodonis	0.0
Pseudoalteromonas_undina	0.0
Pseudoalteromonas_nigrifaciens	0.0
Lactobacillus_dextrinicus	0.0
Corynebacterium_aurimucosum	0.0
Providencia_stuartii	0.0
Lactobacillus_kefiri	0.0
Eubacterium_sp_68_3_10	0.0
Clostridium_argentinense	0.0
Lachnoclostridium_phytofermentans	0.0
Bacteroides_xylanolyticus	0.0
Alkaliphilus_oremlandii	0.0
Lactobacillus_harbinensis	0.0
Paenibacillus_polysaccharolyticus	0.0
Lactobacillus_frumenti	0.0
Geobacillus_stearothermophilus	0.0
Melissococcus_sp_OM08_11BH	0.0
Bacillus_coagulans	0.0
Corynebacterium_falsenii	0.0
Mycobacterium_avium	0.0
Staphylococcus_carnosus	0.0
Citrobacter_gillenii	0.0
Oligella_ureolytica	0.0
Paenibacillus_sp_7884_2	0.0
Alcaligenes_aquatilis	0.0
Tannerella_sp_oral_taxon_808	0.0
Bacillus_aerius	0.0
Lactobacillus_panis	0.0
Enterococcus_italicus	0.0
Enterococcus_cecorum	0.0
Staphylococcus_warneri	0.0
Citrobacter_sp_50677481	0.0
Kosakonia_oryzae	0.0
Cronobacter_dublinensis	0.0
Lactobacillus_acidipiscis	0.0
Pediococcus_stilesii	0.0
Lactobacillus_senioris	0.0
Corynebacterium_vitaeruminis	0.0
Weissella_paramesenteroides	0.0
Eubacterium_minutum	0.0
Clostridium_cocleatum	0.0
Terrisporobacter_glycolicus	0.0
Enterococcus_sulfureus	0.0
Bacillus_haynesii	0.0
Arcobacter_cryaerophilus	0.0
Chryseobacterium_sp_VAUSW3	0.0
Alkalibacterium_thalassium	0.0
Weissella_halotolerans	0.0
Lactobacillus_murinus	0.0
Leptotrichia_sp_oral_taxon_879	0.0
Staphylococcus_sciuri	0.0
Staphylococcus_gallinarum	0.0
Staphylococcus_kloosii	0.0
Bacillus_megaterium	0.0
Prauserella_sp_Am3	0.0
Bacillus_stratosphericus	0.0
Bacillus_altitudinis	0.0
Staphylococcus_capitis	0.0
Aerococcus_viridans	0.0
Leptotrichia_sp_oral_taxon_847	0.0
Lactobacillus_ingluviei	0.0
Selenomonas_sp_oral_taxon_892	0.0
Limnochorda_pilosa	0.0
Paludisphaera_borealis	0.0
Prevotella_sp_F0091	0.0
Campylobacter_mucosalis	0.0
Leptotrichia_sp_oral_taxon_498	0.0
Leptotrichia_sp_oral_taxon_225	0.0
Ottowia_sp_oral_taxon_894	0.0
Agitococcus_lubricus	0.0
Franconibacter_helveticus	0.0
Leptotrichia_buccalis	0.0
Acholeplasma_oculi	0.0
Mycoplasma_hominis	0.0
Capnocytophaga_gingivalis	0.0
Romboutsia_lituseburensis	0.0
Haemophilus_aegyptius	0.0
Kosakonia_radicincitans	0.0
Porphyromonas_sp_oral_taxon_278	0.0
Oenococcus_alcoholitolerans	0.0
Capnocytophaga_sputigena	0.0
Staphylococcus_argenteus	0.0
Prevotella_marshii	0.0
Catonella_morbi	0.0
Lactobacillus_parabuchneri	0.0
Eremococcus_coleocola	0.0
Corynebacterium_jeikeium	0.0
Corynebacterium_flavescens	0.0
Leucobacter_sp_7_1	0.0
Leucobacter_komagatae	0.0
Desulfotomaculum_ruminis	0.0
Lactobacillus_otakiensis	0.0
Peptoniphilus_grossensis	0.0
Candida_albicans	0.0
Corynebacterium_urealyticum	0.0
Methanobacterium_sp_MB1	0.0
Haemophilus_sp_C1	0.0
Candida_tropicalis	0.0
Weissella_hellenica	0.0
Campylobacter_coli	0.0
Corynebacterium_striatum	0.0
Corynebacterium_pseudodiphtheriticum	0.0
Lactobacillus_crustorum	0.0
Klebsiella_quasivariicola	0.0
Hydrogenibacillus_schlegelii	0.0
Kouleothrix_aurantiaca	0.0
Peptoniphilus_asaccharolyticus	0.0
Tetragenococcus_halophilus	0.0
Romboutsia_hominis	0.0
Helicobacter_winghamensis	0.0
Mediterranea_sp_An20	0.0
Lactobacillus_coryniformis	0.0
Acinetobacter_idrijaensis	0.0
Oenococcus_oeni	0.0
Phyllobacterium_myrsinacearum	0.0
Lachnoclostridium_sp_An169	0.0
Vagococcus_lutrae	0.0
Lactobacillus_buchneri	0.0
Peptoniphilus_sp_DNF00840	0.0
Treponema_porcinum	0.0
Candidatus_Gastranaerophilales_bacterium_HUM_9	0.0
Zymomonas_mobilis	0.0
Helicobacter_fennelliae	0.0
Enterococcus_phoeniculicola	0.0
Aspergillus_cristatus	0.0
DTDPRHAMSYN-PWY:_dTDP-L-rhamnose_biosynthesis_I	1.46923828125
PWY-7219:_adenosine_ribonucleotides_de_novo_biosynthesis	0.29296875
PWY-6609:_adenine_and_adenosine_salvage_III	0.0
PWY-5686:_UMP_biosynthesis	4.0833740234375
TRNA-CHARGING-PWY:_tRNA_charging	0.421875
PWY-1042:_glycolysis_IV_(plant_cytosol)	0.2359619140625
PWY-7221:_guanosine_ribonucleotides_de_novo_biosynthesis	0.01043701171875
PWY-6151:_S-adenosyl-L-methionine_cycle_I	1.47589111328125
PWY-6386:_UDP-N-acetylmuramoyl-pentapeptide_biosynthesis_II_(lysine-containing)	0.2025146484375
PWY-6387:_UDP-N-acetylmuramoyl-pentapeptide_biosynthesis_I_(meso-diaminopimelate_containing)	0.0108642578125
PEPTIDOGLYCANSYN-PWY:_peptidoglycan_biosynthesis_I_(meso-diaminopimelate_containing)	0.0823974609375
COA-PWY-1:_coenzyme_A_biosynthesis_II_(mammalian)	0.448974609375
PWY-6385:_peptidoglycan_biosynthesis_III_(mycobacteria)	0.00238037109375
PWY-3841:_folate_transformations_II	0.0443115234375
PWY-6163:_chorismate_biosynthesis_from_3-dehydroquinate	0.03857421875
ILEUSYN-PWY:_L-isoleucine_biosynthesis_I_(from_threonine)	1.21307373046875
PWY-7111:_pyruvate_fermentation_to_isobutanol_(engineered)	0.05426025390625
VALSYN-PWY:_L-valine_biosynthesis	0.3372802734375
PWY-5695:_urate_biosynthesis/inosine_5'-phosphate_degradation	0.1126708984375
PWY-6700:_queuosine_biosynthesis	0.0008544921875
BRANCHED-CHAIN-AA-SYN-PWY:_superpathway_of_branched_amino_acid_biosynthesis	0.143310546875
PWY-5103:_L-isoleucine_biosynthesis_III	1.03643798828125
COA-PWY:_coenzyme_A_biosynthesis_I	1.1551513671875
PWY-6121:_5-aminoimidazole_ribonucleotide_biosynthesis_I	0.0625
ARO-PWY:_chorismate_biosynthesis_I	0.55908203125
PWY-6122:_5-aminoimidazole_ribonucleotide_biosynthesis_II	0.19921875
PWY-6277:_superpathway_of_5-aminoimidazole_ribonucleotide_biosynthesis	2.757568359375
1CMET2-PWY:_N10-formyl-tetrahydrofolate_biosynthesis	0.61834716796875
PWY-4242:_pantothenate_and_coenzyme_A_biosynthesis_III	0.00579833984375
PWY-6737:_starch_degradation_V	1.19805908203125
COMPLETE-ARO-PWY:_superpathway_of_aromatic_amino_acid_biosynthesis	0.0147705078125
RIBOSYN2-PWY:_flavin_biosynthesis_I_(bacteria_and_plants)	0.009765625
PWY-7199:_pyrimidine_deoxyribonucleosides_salvage	0.464111328125
PWY-5097:_L-lysine_biosynthesis_VI	0.269287109375
PANTOSYN-PWY:_pantothenate_and_coenzyme_A_biosynthesis_I	0.01043701171875
PWY-2942:_L-lysine_biosynthesis_III	0.31292724609375
PWY-6123:_inosine-5'-phosphate_biosynthesis_I	2.002685546875
HISTSYN-PWY:_L-histidine_biosynthesis	0.0045166015625
PWY-7229:_superpathway_of_adenosine_nucleotides_de_novo_biosynthesis_I	0.63775634765625
ANAGLYCOLYSIS-PWY:_glycolysis_III_(from_glucose)	0.0072021484375
PWY-7400:_L-arginine_biosynthesis_IV_(archaebacteria)	2.71044921875
ARGSYN-PWY:_L-arginine_biosynthesis_I_(via_L-ornithine)	2.2606201171875
CALVIN-PWY:_Calvin-Benson-Bassham_cycle	0.017333984375
PWY-5973:_cis-vaccenate_biosynthesis	0.9183349609375
PWY-3001:_superpathway_of_L-isoleucine_biosynthesis_I	0.4716796875
PWY-6124:_inosine-5'-phosphate_biosynthesis_II	0.3275146484375
PANTO-PWY:_phosphopantothenate_biosynthesis_I	-6.103515625e-05
PWY-841:_superpathway_of_purine_nucleotides_de_novo_biosynthesis_I	4.3846435546875
PWY-7663:_gondoate_biosynthesis_(anaerobic)	0.4127197265625
ARGSYNBSUB-PWY:_L-arginine_biosynthesis_II_(acetyl_cycle)	2.29461669921875
PWY-724:_superpathway_of_L-lysine,_L-threonine_and_L-methionine_biosynthesis_II	0.128662109375
PWY0-1319:_CDP-diacylglycerol_biosynthesis_II	0.5509033203125
PWY-5667:_CDP-diacylglycerol_biosynthesis_I	0.00634765625
PWY-6126:_superpathway_of_adenosine_nucleotides_de_novo_biosynthesis_II	1.178955078125
PYRIDNUCSYN-PWY:_NAD_biosynthesis_I_(from_aspartate)	0.71832275390625
DENOVOPURINE2-PWY:_superpathway_of_purine_nucleotides_de_novo_biosynthesis_II	3.4146728515625
THRESYN-PWY:_superpathway_of_L-threonine_biosynthesis	0.0626220703125
OANTIGEN-PWY:_O-antigen_building_blocks_biosynthesis_(E._coli)	0.37030029296875
PWY-5154:_L-arginine_biosynthesis_III_(via_N-acetyl-L-citrulline)	1.078857421875
PWY-6703:_preQ0_biosynthesis	0.165283203125
PWY-7228:_superpathway_of_guanosine_nucleotides_de_novo_biosynthesis_I	1.59033203125
PWY0-1296:_purine_ribonucleosides_degradation	0.61834716796875
PWY0-1586:_peptidoglycan_maturation_(meso-diaminopimelate_containing)	0.00244140625
HSERMETANA-PWY:_L-methionine_biosynthesis_III	0.1490478515625
GLUTORN-PWY:_L-ornithine_biosynthesis	0.1895751953125
PWY-6125:_superpathway_of_guanosine_nucleotides_de_novo_biosynthesis_II	2.49041748046875
PWY0-166:_superpathway_of_pyrimidine_deoxyribonucleotides_de_novo_biosynthesis_(E._coli)	0.08868408203125
PWY-6168:_flavin_biosynthesis_III_(fungi)	1.43756103515625
ANAEROFRUCAT-PWY:_homolactic_fermentation	0.13848876953125
PWY0-162:_superpathway_of_pyrimidine_ribonucleotides_de_novo_biosynthesis	0.000732421875
THISYN-PWY:_superpathway_of_thiamin_diphosphate_biosynthesis_I	0.03875732421875
ASPASN-PWY:_superpathway_of_L-aspartate_and_L-asparagine_biosynthesis	2.02056884765625
PWY-7208:_superpathway_of_pyrimidine_nucleobases_salvage	2.988037109375
TRPSYN-PWY:_L-tryptophan_biosynthesis	0.573486328125
SER-GLYSYN-PWY:_superpathway_of_L-serine_and_glycine_biosynthesis_I	0.29815673828125
PWY-6936:_seleno-amino_acid_biosynthesis	1.99169921875
PWY-7187:_pyrimidine_deoxyribonucleotides_de_novo_biosynthesis_II	0.32012939453125
PWY-6897:_thiamin_salvage_II	0.088134765625
UDPNAGSYN-PWY:_UDP-N-acetyl-D-glucosamine_biosynthesis_I	0.1339111328125
GLUCONEO-PWY:_gluconeogenesis_I	0.0
PWY-7184:_pyrimidine_deoxyribonucleotides_de_novo_biosynthesis_I	0.0008544921875
PWY-7357:_thiamin_formation_from_pyrithiamine_and_oxythiamine_(yeast)	0.0386962890625
PWY-7237:_myo-,_chiro-_and_scillo-inositol_degradation	0.6844482421875
PWY66-400:_glycolysis_VI_(metazoan)	0.293212890625
RHAMCAT-PWY:_L-rhamnose_degradation_I	2.01031494140625
PWY-7220:_adenosine_deoxyribonucleotides_de_novo_biosynthesis_II	0.578857421875
PWY-7222:_guanosine_deoxyribonucleotides_de_novo_biosynthesis_II	1.14215087890625
GLYCOLYSIS:_glycolysis_I_(from_glucose_6-phosphate)	0.0198974609375
NONOXIPENT-PWY:_pentose_phosphate_pathway_(non-oxidative_branch)	0.22747802734375
PWY-5484:_glycolysis_II_(from_fructose_6-phosphate)	0.0198974609375
PWY66-422:_D-galactose_degradation_V_(Leloir_pathway)	0.905517578125
PWY-6545:_pyrimidine_deoxyribonucleotides_de_novo_biosynthesis_III	2.06317138671875
GLYCOGENSYNTH-PWY:_glycogen_biosynthesis_I_(from_ADP-D-Glucose)	0.31781005859375
PWY-2941:_L-lysine_biosynthesis_II	0.0921630859375
PWY-7197:_pyrimidine_deoxyribonucleotide_phosphorylation	0.32012939453125
THISYNARA-PWY:_superpathway_of_thiamin_diphosphate_biosynthesis_III_(eukaryotes)	1.35015869140625
PWY-7383:_anaerobic_energy_metabolism_(invertebrates,_cytosol)	0.0418701171875
PWY-6317:_galactose_degradation_I_(Leloir_pathway)	4.4698486328125
PWY-7282:_4-amino-2-methyl-5-phosphomethylpyrimidine_biosynthesis_(yeast)	0.65325927734375
PWY-5100:_pyruvate_fermentation_to_acetate_and_lactate_II	0.05206298828125
ARGININE-SYN4-PWY:_L-ornithine_de_novo__biosynthesis	0.00030517578125
HISDEG-PWY:_L-histidine_degradation_I	0.06787109375
PHOSLIPSYN-PWY:_superpathway_of_phospholipid_biosynthesis_I_(bacteria)	-6.103515625e-05
PWY-6147:_6-hydroxymethyl-dihydropterin_diphosphate_biosynthesis_I	0.5926513671875
PWY-6527:_stachyose_degradation	3.56591796875
PWY66-399:_gluconeogenesis_III	0.0
PWY-7539:_6-hydroxymethyl-dihydropterin_diphosphate_biosynthesis_III_(Chlamydia)	0.42193603515625
PWY-6892:_thiazole_biosynthesis_I_(E._coli)	0.00286865234375
PWY-6901:_superpathway_of_glucose_and_xylose_degradation	0.0
PENTOSE-P-PWY:_pentose_phosphate_pathway	0.00286865234375
PWY0-1261:_anhydromuropeptides_recycling	0.0
PWY0-845:_superpathway_of_pyridoxal_5'-phosphate_biosynthesis_and_salvage	0.03875732421875
CITRULBIO-PWY:_L-citrulline_biosynthesis	0.20123291015625
PWY-4981:_L-proline_biosynthesis_II_(from_arginine)	2.05718994140625
PWY-6305:_putrescine_biosynthesis_IV	0.03802490234375
PYRIDOXSYN-PWY:_pyridoxal_5'-phosphate_biosynthesis_I	0.03875732421875
PWY-4984:_urea_cycle	0.490966796875
PWY-5659:_GDP-mannose_biosynthesis	0.18963623046875
COLANSYN-PWY:_colanic_acid_building_blocks_biosynthesis	0.0
PRPP-PWY:_superpathway_of_histidine,_purine,_and_pyrimidine_biosynthesis	0.0
GLYCOLYSIS-E-D:_superpathway_of_glycolysis_and_Entner-Doudoroff	0.0
COBALSYN-PWY:_adenosylcobalamin_salvage_from_cobinamide_I	0.63336181640625
PWY-7198:_pyrimidine_deoxyribonucleotides_de_novo_biosynthesis_IV	0.65325927734375
PWY-5188:_tetrapyrrole_biosynthesis_I_(from_glutamate)	0.13848876953125
PWY-5030:_L-histidine_degradation_III	0.48651123046875
PWY4FS-7:_phosphatidylglycerol_biosynthesis_I_(plastidic)	0.7855224609375
PWY4FS-8:_phosphatidylglycerol_biosynthesis_II_(non-plastidic)	0.7855224609375
NAGLIPASYN-PWY:_lipid_IVA_biosynthesis	0.65325927734375
TCA:_TCA_cycle_I_(prokaryotic)	0.03875732421875
PWY-1269:_CMP-3-deoxy-D-manno-octulosonate_biosynthesis_I	0.0174560546875
FASYN-ELONG-PWY:_fatty_acid_elongation_--_saturated	2.3846435546875
PWY-7323:_superpathway_of_GDP-mannose-derived_O-antigen_building_blocks_biosynthesis	0.0
BIOTIN-BIOSYNTHESIS-PWY:_biotin_biosynthesis_I	0.0
PWY-5505:_L-glutamate_and_L-glutamine_biosynthesis	0.0
PWY-5971:_palmitate_biosynthesis_II_(bacteria_and_plants)	0.0
PWY-7234:_inosine-5'-phosphate_biosynthesis_III	0.5118408203125
PWY-6471:_peptidoglycan_biosynthesis_IV_(Enterococcus_faecium)	0.0
PWYG-321:_mycolate_biosynthesis	0.0
PWY-7664:_oleate_biosynthesis_IV_(anaerobic)	2.3846435546875
PWY-6519:_8-amino-7-oxononanoate_biosynthesis_I	0.0
PWY-6969:_TCA_cycle_V_(2-oxoglutarate:ferredoxin_oxidoreductase)	0.0
PWY-7211:_superpathway_of_pyrimidine_deoxyribonucleotides_de_novo_biosynthesis	0.0
PWY-7456:_mannan_degradation	0.0
PWY-5941:_glycogen_degradation_II_(eukaryotic)	0.0
PWY-6282:_palmitoleate_biosynthesis_I_(from_(5Z)-dodec-5-enoate)	2.3846435546875
PWY0-862:_(5Z)-dodec-5-enoate_biosynthesis	2.3846435546875
PWY-5989:_stearate_biosynthesis_II_(bacteria_and_plants)	0.9410400390625
PWY-6470:_peptidoglycan_biosynthesis_V_(&beta;-lactam_resistance)	0.0
PWY-621:_sucrose_degradation_III_(sucrose_invertase)	0.73583984375
NONMEVIPP-PWY:_methylerythritol_phosphate_pathway_I	0.03875732421875
FASYN-INITIAL-PWY:_superpathway_of_fatty_acid_biosynthesis_initiation_(E._coli)	0.24456787109375
FUC-RHAMCAT-PWY:_superpathway_of_fucose_and_rhamnose_degradation	0.0
PWY-5690:_TCA_cycle_II_(plants_and_fungi)	0.65325927734375
TEICHOICACID-PWY:_teichoic_acid_(poly-glycerol)_biosynthesis	0.0
PWY-5838:_superpathway_of_menaquinol-8_biosynthesis_I	0.0
HEXITOLDEGSUPER-PWY:_superpathway_of_hexitol_degradation_(bacteria)	0.35040283203125
PWY-7388:_octanoyl-[acyl-carrier_protein]_biosynthesis_(mitochondria,_yeast)	0.18353271484375
PWY-5897:_superpathway_of_menaquinol-11_biosynthesis	0.0
PWY-5898:_superpathway_of_menaquinol-12_biosynthesis	0.0
PWY-5899:_superpathway_of_menaquinol-13_biosynthesis	0.0
PWY0-1061:_superpathway_of_L-alanine_biosynthesis	0.0
PWY0-1241:_ADP-L-glycero-&beta;-D-manno-heptose_biosynthesis	0.35040283203125
PYRIDNUCSAL-PWY:_NAD_salvage_pathway_I	0.65325927734375
PWY-6549:_L-glutamine_biosynthesis_III	0.0
PWY-7196:_superpathway_of_pyrimidine_ribonucleosides_salvage	0.0
PWY-5845:_superpathway_of_menaquinol-9_biosynthesis	0.0
PWY-5005:_biotin_biosynthesis_II	0.35040283203125
PWY-6113:_superpathway_of_mycolate_biosynthesis	0.0
P108-PWY:_pyruvate_fermentation_to_propanoate_I	0.0
GLUCUROCAT-PWY:_superpathway_of_&beta;-D-glucuronide_and_D-glucuronate_degradation	0.0
PWY-6628:_superpathway_of_L-phenylalanine_biosynthesis	0.0
GALACT-GLUCUROCAT-PWY:_superpathway_of_hexuronide_and_hexuronate_degradation	0.0
FERMENTATION-PWY:_mixed_acid_fermentation	0.0
GLCMANNANAUT-PWY:_superpathway_of_N-acetylglucosamine,_N-acetylmannosamine_and_N-acetylneuraminate_degradation	0.0921630859375
POLYISOPRENSYN-PWY:_polyisoprenoid_biosynthesis_(E._coli)	0.0
PWY-5104:_L-isoleucine_biosynthesis_IV	0.02392578125
P42-PWY:_incomplete_reductive_TCA_cycle	0.0
PWY-5861:_superpathway_of_demethylmenaquinol-8_biosynthesis	0.0
PWY-6353:_purine_nucleotides_degradation_II_(aerobic)	0.35040283203125
PWY-7117:_C4_photosynthetic_carbon_assimilation_cycle,_PEPCK_type	1.6029052734375
PWY-5177:_glutaryl-CoA_degradation	1.0413818359375
PWY-5121:_superpathway_of_geranylgeranyl_diphosphate_biosynthesis_II_(via_MEP)	0.0
PWY-7315:_dTDP-N-acetylthomosamine_biosynthesis	0.0
PWY-5840:_superpathway_of_menaquinol-7_biosynthesis	0.0
PWY-7242:_D-fructuronate_degradation	0.0
GALACTUROCAT-PWY:_D-galacturonate_degradation_I	0.0
PWY-5862:_superpathway_of_demethylmenaquinol-9_biosynthesis	0.0
PWY-7115:_C4_photosynthetic_carbon_assimilation_cycle,_NAD-ME_type	0.0
PWY-241:_C4_photosynthetic_carbon_assimilation_cycle,_NADP-ME_type	0.0
PWY-6859:_all-trans-farnesol_biosynthesis	0.0
ARG+POLYAMINE-SYN:_superpathway_of_arginine_and_polyamine_biosynthesis	1.6748046875
FUCCAT-PWY:_fucose_degradation	0.35040283203125
PWY-5913:_TCA_cycle_VI_(obligate_autotrophs)	0.19854736328125
PWY-7560:_methylerythritol_phosphate_pathway_II	0.0
PWY-6608:_guanosine_nucleotides_degradation_III	0.866455078125
PWY-6507:_4-deoxy-L-threo-hex-4-enopyranuronate_degradation	0.27215576171875
PWY-6590:_superpathway_of_Clostridium_acetobutylicum_acidogenic_fermentation	0.0
PWY-6270:_isoprene_biosynthesis_I	0.0
NAD-BIOSYNTHESIS-II:_NAD_salvage_pathway_II	0.0
P124-PWY:_Bifidobacterium_shunt	0.0
PWY66-409:_superpathway_of_purine_nucleotide_salvage	0.0
DAPLYSINESYN-PWY:_L-lysine_biosynthesis_I	0.49163818359375
P164-PWY:_purine_nucleobases_degradation_I_(anaerobic)	0.0
LACTOSECAT-PWY:_lactose_and_galactose_degradation_I	0.0
PWY0-1479:_tRNA_processing	0.0
PWY-7392:_taxadiene_biosynthesis_(engineered)	0.0
SALVADEHYPOX-PWY:_adenosine_nucleotides_degradation_II	1.0576171875
CENTFERM-PWY:_pyruvate_fermentation_to_butanoate	0.0
MET-SAM-PWY:_superpathway_of_S-adenosyl-L-methionine_biosynthesis	0.10546875
PWY-5347:_superpathway_of_L-methionine_biosynthesis_(transsulfuration)	0.0198974609375
PWY-4041:_&gamma;-glutamyl_cycle	0.45159912109375
PWY-7210:_pyrimidine_deoxyribonucleotides_biosynthesis_from_CTP	0.0
PWY-5863:_superpathway_of_phylloquinol_biosynthesis	0.0
PWY0-781:_aspartate_superpathway	0.0
PWY-6606:_guanosine_nucleotides_degradation_II	0.35040283203125
PWY-5791:_1,4-dihydroxy-2-naphthoate_biosynthesis_II_(plants)	0.0
PWY-5837:_1,4-dihydroxy-2-naphthoate_biosynthesis_I	0.0
METSYN-PWY:_L-homoserine_and_L-methionine_biosynthesis	0.10546875
P4-PWY:_superpathway_of_L-lysine,_L-threonine_and_L-methionine_biosynthesis_I	0.0
PWY-7316:_dTDP-N-acetylviosamine_biosynthesis	0.0
PWY-5083:_NAD/NADH_phosphorylation_and_dephosphorylation	0.65325927734375
PWY-6895:_superpathway_of_thiamin_diphosphate_biosynthesis_II	0.35040283203125
HEMESYN2-PWY:_heme_biosynthesis_II_(anaerobic)	0.0
POLYAMSYN-PWY:_superpathway_of_polyamine_biosynthesis_I	0.49163818359375
PWY-6953:_dTDP-3-acetamido-3,6-dideoxy-&alpha;-D-galactose_biosynthesis	0.0
METH-ACETATE-PWY:_methanogenesis_from_acetate	0.0
PWY-6285:_superpathway_of_fatty_acids_biosynthesis_(E._coli)	0.0
P441-PWY:_superpathway_of_N-acetylneuraminate_degradation	0.0
PWY-6572:_chondroitin_sulfate_degradation_I_(bacterial)	0.0
PWY-5850:_superpathway_of_menaquinol-6_biosynthesis_I	0.0
PWY-5896:_superpathway_of_menaquinol-10_biosynthesis	0.0
PWY-5384:_sucrose_degradation_IV_(sucrose_phosphorylase)	1.20770263671875
PWY-6284:_superpathway_of_unsaturated_fatty_acids_biosynthesis_(E._coli)	0.0
PWY-5304:_superpathway_of_sulfur_oxidation_(Acidianus_ambivalens)	0.0
METHGLYUT-PWY:_superpathway_of_methylglyoxal_degradation	0.0
ARGORNPROST-PWY:_arginine,_ornithine_and_proline_interconversion	0.0
PWY-7332:_superpathway_of_UDP-N-acetylglucosamine-derived_O-antigen_building_blocks_biosynthesis	0.0
PWY-7312:_dTDP-D-&beta;-fucofuranose_biosynthesis	0.0
GLUDEG-I-PWY:_GABA_shunt	0.0
GALACTARDEG-PWY:_D-galactarate_degradation_I	0.35040283203125
GLUCARGALACTSUPER-PWY:_superpathway_of_D-glucarate_and_D-galactarate_degradation	0.35040283203125
PWY-5022:_4-aminobutanoate_degradation_V	0.0
P461-PWY:_hexitol_fermentation_to_lactate,_formate,_ethanol_and_acetate	0.62445068359375
PWY0-1298:_superpathway_of_pyrimidine_deoxyribonucleosides_degradation	0.62445068359375
PWY-5860:_superpathway_of_demethylmenaquinol-6_biosynthesis_I	0.0
PWY-1861:_formaldehyde_assimilation_II_(RuMP_Cycle)	0.0
PWY-6531:_mannitol_cycle	0.0
FOLSYN-PWY:_superpathway_of_tetrahydrofolate_biosynthesis_and_salvage	0.0
HOMOSER-METSYN-PWY:_L-methionine_biosynthesis_I	0.0198974609375
PWY66-398:_TCA_cycle_III_(animals)	0.0
PWY0-1297:_superpathway_of_purine_deoxyribonucleosides_degradation	0.000732421875
PWY-7209:_superpathway_of_pyrimidine_ribonucleosides_degradation	0.0
PWY-6629:_superpathway_of_L-tryptophan_biosynthesis	0.0
PWY-5676:_acetyl-CoA_fermentation_to_butanoate_II	0.0
PPGPPMET-PWY:_ppGpp_biosynthesis	0.0
GLYCOLYSIS-TCA-GLYOX-BYPASS:_superpathway_of_glycolysis,_pyruvate_dehydrogenase,_TCA,_and_glyoxylate_bypass	0.0
HEME-BIOSYNTHESIS-II:_heme_biosynthesis_I_(aerobic)	0.0
PWY-7328:_superpathway_of_UDP-glucose-derived_O-antigen_building_blocks_biosynthesis	0.03875732421875
POLYAMINSYN3-PWY:_superpathway_of_polyamine_biosynthesis_II	0.0
PWY-5345:_superpathway_of_L-methionine_biosynthesis_(by_sulfhydrylation)	0.0
P105-PWY:_TCA_cycle_IV_(2-oxoglutarate_decarboxylase)	0.0
PWY-6630:_superpathway_of_L-tyrosine_biosynthesis	0.0
FAO-PWY:_fatty_acid_&beta;-oxidation_I	0.5897216796875
PWY-6263:_superpathway_of_menaquinol-8_biosynthesis_II	0.0
PWY-6612:_superpathway_of_tetrahydrofolate_biosynthesis	0.0
PWY-6478:_GDP-D-glycero-&alpha;-D-manno-heptose_biosynthesis	0.0
PWY-622:_starch_biosynthesis	0.0
PWY-5136:_fatty_acid_&beta;-oxidation_II_(peroxisome)	0.5897216796875
SULFATE-CYS-PWY:_superpathway_of_sulfate_assimilation_and_cysteine_biosynthesis	0.0
GLYCOCAT-PWY:_glycogen_degradation_I_(bacterial)	2.06317138671875
PWY-5367:_petroselinate_biosynthesis	0.0
PWY-5464:_superpathway_of_cytosolic_glycolysis_(plants),_pyruvate_dehydrogenase_and_TCA_cycle	0.0
P185-PWY:_formaldehyde_assimilation_III_(dihydroxyacetone_cycle)	0.0
PWY-561:_superpathway_of_glyoxylate_cycle_and_fatty_acid_degradation	0.0
PWY-5004:_superpathway_of_L-citrulline_metabolism	0.0
GOLPDLCAT-PWY:_superpathway_of_glycerol_degradation_to_1,3-propanediol	0.65325927734375
ORNDEG-PWY:_superpathway_of_ornithine_degradation	0.0418701171875
TCA-GLYOX-BYPASS:_superpathway_of_glyoxylate_bypass_and_TCA	0.0
PWY-5918:_superpathay_of_heme_biosynthesis_from_glutamate	0.0
PWY-7046:_4-coumarate_degradation_(anaerobic)	0.0
PWY-6891:_thiazole_biosynthesis_II_(Bacillus)	0.03875732421875
GLYOXYLATE-BYPASS:_glyoxylate_cycle	0.0
GLUCOSE1PMETAB-PWY:_glucose_and_glucose-1-phosphate_degradation	2.06317138671875
PWY-6731:_starch_degradation_III	0.0
RUMP-PWY:_formaldehyde_oxidation_I	0.0
PWY-6318:_L-phenylalanine_degradation_IV_(mammalian,_via_side_chain)	0.0
PROPFERM-PWY:_L-alanine_fermentation_to_propanoate_and_acetate	0.0
PWY-6595:_superpathway_of_guanosine_nucleotides_degradation_(plants)	0.0
GLUCARDEG-PWY:_D-glucarate_degradation_I	0.0
PWY-2723:_trehalose_degradation_V	1.20770263671875
PWY4LZ-257:_superpathway_of_fermentation_(Chlamydomonas_reinhardtii)	0.0
SO4ASSIM-PWY:_sulfate_reduction_I_(assimilatory)	0.5118408203125
PWY0-1415:_superpathway_of_heme_biosynthesis_from_uroporphyrinogen-III	0.0
PWY-7371:_1,4-dihydroxy-6-naphthoate_biosynthesis_II	0.0
PWY-6143:_CMP-pseudaminate_biosynthesis	0.0
PWY-7003:_glycerol_degradation_to_butanol	0.0
PWY-5723:_Rubisco_shunt	0.0
PWY-7254:_TCA_cycle_VII_(acetate-producers)	0.0
PWY-6165:_chorismate_biosynthesis_II_(archaea)	0.0
PWY-6167:_flavin_biosynthesis_II_(archaea)	0.0
P161-PWY:_acetylene_degradation	0.48651123046875
PWY-5675:_nitrate_reduction_V_(assimilatory)	0.92218017578125
PWY-821:_superpathway_of_sulfur_amino_acid_biosynthesis_(Saccharomyces_cerevisiae)	0.0
P562-PWY:_myo-inositol_degradation_I	0.0
PWY-5101:_L-isoleucine_biosynthesis_II	0.0
PWY-6588:_pyruvate_fermentation_to_acetone	0.35040283203125
PWY-7013:_L-1,2-propanediol_degradation	0.03466796875
KETOGLUCONMET-PWY:_ketogluconate_metabolism	0.0
PWY3O-355:_stearate_biosynthesis_III_(fungi)	0.0
PWY-6803:_phosphatidylcholine_acyl_editing	0.65325927734375
PWY-5173:_superpathway_of_acetyl-CoA_biosynthesis	0.65325927734375
P621-PWY:_nylon-6_oligomer_degradation	0.0
PWY66-391:_fatty_acid_&beta;-oxidation_VI_(peroxisome)	0.0
METHANOGENESIS-PWY:_methanogenesis_from_H2_and_CO2	0.0
P23-PWY:_reductive_TCA_cycle_I	0.0
PWY-5138:_unsaturated,_even_numbered_fatty_acid_&beta;-oxidation	0.0
PWY-7286:_7-(3-amino-3-carboxypropyl)-wyosine_biosynthesis	0.0
PWY-5747:_2-methylcitrate_cycle_II	0.0
ARGDEG-PWY:_superpathway_of_L-arginine,_putrescine,_and_4-aminobutanoate_degradation	0.0
ORNARGDEG-PWY:_superpathway_of_L-arginine_and_L-ornithine_degradation	0.0
REDCITCYC:_TCA_cycle_VIII_(helicobacter)	0.0
PWY490-3:_nitrate_reduction_VI_(assimilatory)	0.0
PWY-6349:_CDP-archaeol_biosynthesis	0.0
AST-PWY:_L-arginine_degradation_II_(AST_pathway)	0.65325927734375
PWY-7288:_fatty_acid_&beta;-oxidation_(peroxisome,_yeast)	0.0
CRNFORCAT-PWY:_creatinine_degradation_I	0.0
PWY-7385:_1,3-propanediol_biosynthesis_(engineered)	0.0
PWY-7616:_methanol_oxidation_to_carbon_dioxide	0.0
PWY-5198:_factor_420_biosynthesis	0.0
PWY0-1338:_polymyxin_resistance	0.0
GLYCOL-GLYOXDEG-PWY:_superpathway_of_glycol_metabolism_and_degradation	0.0
PWY-6749:_CMP-legionaminate_biosynthesis_I	0.0
PWY66-389:_phytol_degradation	0.0
PWY66-388:_fatty_acid_&alpha;-oxidation_III	0.0
PWY-7200:_superpathway_of_pyrimidine_deoxyribonucleoside_salvage	0.0
PWY-5088:_L-glutamate_degradation_VIII_(to_propanoate)	0.0
P122-PWY:_heterolactic_fermentation	0.0
PWY-7204:_pyridoxal_5'-phosphate_salvage_II_(plants)	0.0
PWY-3781:_aerobic_respiration_I_(cytochrome_c)	0.0
PWY-7094:_fatty_acid_salvage	0.0
PWY-6823:_molybdenum_cofactor_biosynthesis	0.0
PWY-6837:_fatty_acid_beta-oxidation_V_(unsaturated,_odd_number,_di-isomerase-dependent)	0.0
ENTBACSYN-PWY:_enterobactin_biosynthesis	0.0
PWY-5189:_tetrapyrrole_biosynthesis_II_(from_glycine)	0.0
PWY-4702:_phytate_degradation_I	0.65325927734375
PWY-5920:_superpathway_of_heme_biosynthesis_from_glycine	0.0
PWY0-42:_2-methylcitrate_cycle_I	0.0
PWY0-1277:_3-phenylpropanoate_and_3-(3-hydroxyphenyl)propanoate_degradation	0.0
HCAMHPDEG-PWY:_3-phenylpropanoate_and_3-(3-hydroxyphenyl)propanoate_degradation_to_2-oxopent-4-enoate	0.0
PWY-6690:_cinnamate_and_3-hydroxycinnamate_degradation_to_2-oxopent-4-enoate	0.0
PWY-5180:_toluene_degradation_I_(aerobic)_(via_o-cresol)	0.0
PWY-5182:_toluene_degradation_II_(aerobic)_(via_4-methylcatechol)	0.0
LPSSYN-PWY:_superpathway_of_lipopolysaccharide_biosynthesis	0.0
PWY-5656:_mannosylglycerate_biosynthesis_I	0.0
PWY-7039:_phosphatidate_metabolism,_as_a_signaling_molecule	0.0
PWY-7269:_NAD/NADP-NADH/NADPH_mitochondrial_interconversion_(yeast)	0.0
KDO-NAGLIPASYN-PWY:_superpathway_of_(Kdo)2-lipid_A_biosynthesis	0.0
THREOCAT-PWY:_superpathway_of_L-threonine_metabolism	0.0
ECASYN-PWY:_enterobacterial_common_antigen_biosynthesis	0.0
PWY-7409:_phospholipid_remodeling_(phosphatidylethanolamine,_yeast)	0.0
UBISYN-PWY:_superpathway_of_ubiquinol-8_biosynthesis_(prokaryotic)	0.0
PWY-7446:_sulfoglycolysis	0.0
PWY-5855:_ubiquinol-7_biosynthesis_(prokaryotic)	0.0
PWY-5856:_ubiquinol-9_biosynthesis_(prokaryotic)	0.0
PWY-5857:_ubiquinol-10_biosynthesis_(prokaryotic)	0.0
PWY-6708:_ubiquinol-8_biosynthesis_(prokaryotic)	0.0
PWY-5910:_superpathway_of_geranylgeranyldiphosphate_biosynthesis_I_(via_mevalonate)	0.0
PWY0-41:_allantoin_degradation_IV_(anaerobic)	0.0
PWY-5705:_allantoin_degradation_to_glyoxylate_III	0.0
PWY-922:_mevalonate_pathway_I	0.0
PWY-6071:_superpathway_of_phenylethylamine_degradation	0.0
P221-PWY:_octane_oxidation	0.0
P125-PWY:_superpathway_of_(R,R)-butanediol_biosynthesis	0.0
PWY0-321:_phenylacetate_degradation_I_(aerobic)	0.0
PWY-5415:_catechol_degradation_I_(meta-cleavage_pathway)	0.0
PWY-5265:_peptidoglycan_biosynthesis_II_(staphylococci)	0.0
PWY-5692:_allantoin_degradation_to_glyoxylate_II	0.0
URDEGR-PWY:_superpathway_of_allantoin_degradation_in_plants	0.0
PWY-5392:_reductive_TCA_cycle_II	0.0
PWY-5509:_adenosylcobalamin_biosynthesis_from_cobyrinate_a,c-diamide_I	0.0
PWY-3801:_sucrose_degradation_II_(sucrose_synthase)	0.0
PWY-7345:_superpathway_of_anaerobic_sucrose_degradation	0.0
PWY0-1533:_methylphosphonate_degradation_I	0.0
P162-PWY:_L-glutamate_degradation_V_(via_hydroxyglutarate)	0.0
PROTOCATECHUATE-ORTHO-CLEAVAGE-PWY:_protocatechuate_degradation_II_(ortho-cleavage_pathway)	0.0
PWY3DJ-35471:_L-ascorbate_biosynthesis_IV	0.0
ALLANTOINDEG-PWY:_superpathway_of_allantoin_degradation_in_yeast	0.0
PWY-4321:_L-glutamate_degradation_IV	0.0
DENITRIFICATION-PWY:_nitrate_reduction_I_(denitrification)	0.0
PWY-6435:_4-hydroxybenzoate_biosynthesis_V	0.0
PWY3O-1109:_superpathway_of_4-hydroxybenzoate_biosynthesis_(yeast)	0.0
AEROBACTINSYN-PWY:_aerobactin_biosynthesis	0.0
PWY0-881:_superpathway_of_fatty_acid_biosynthesis_I_(E._coli)	0.0
PWY-5178:_toluene_degradation_IV_(aerobic)_(via_catechol)	0.0
PWY-5754:_4-hydroxybenzoate_biosynthesis_I_(eukaryotes)	0.0
PWY-6215:_4-chlorobenzoate_degradation	0.0
PWY-6562:_norspermidine_biosynthesis	0.0
PWY-5181:_toluene_degradation_III_(aerobic)_(via_p-cresol)	0.0
3-HYDROXYPHENYLACETATE-DEGRADATION-PWY:_4-hydroxyphenylacetate_degradation	0.0
PWY-7031:_protein_N-glycosylation_(bacterial)	0.0
PWY-6876:_isopropanol_biosynthesis	0.0
PWY-5677:_succinate_fermentation_to_butanoate	0.0
PWY-5994:_palmitate_biosynthesis_I_(animals_and_fungi)	0.0
PWY-6138:_CMP-N-acetylneuraminate_biosynthesis_I_(eukaryotes)	0.0
7ALPHADEHYDROX-PWY:_cholate_degradation_(bacteria,_anaerobic)	0.0
PWY-4722:_creatinine_degradation_II	0.0
PWY-7165:_L-ascorbate_biosynthesis_VI_(engineered_pathway)	0.0
PWY66-367:_ketogenesis	0.0
PWY-5724:_superpathway_of_atrazine_degradation	0.0
PWY-5417:_catechol_degradation_III_(ortho-cleavage_pathway)	0.0
PWY-5431:_aromatic_compounds_degradation_via_&beta;-ketoadipate	0.0
CATECHOL-ORTHO-CLEAVAGE-PWY:_catechol_degradation_to_&beta;-ketoadipate	0.0
PWY-6182:_superpathway_of_salicylate_degradation	0.0
PWY-5654:_2-amino-3-carboxymuconate_semialdehyde_degradation_to_2-oxopentenoate	0.0
PWY-6210:_2-aminophenol_degradation	0.0
URSIN-PWY:_ureide_biosynthesis	0.0
PWY-6313:_serotonin_degradation	0.0
PWY-7431:_aromatic_biogenic_amine_degradation_(bacteria)	0.0
PWY-6307:_L-tryptophan_degradation_X_(mammalian,_via_tryptamine)	0.0
P163-PWY:_L-lysine_fermentation_to_acetate_and_butanoate	0.0
PWY1G-0:_mycothiol_biosynthesis	0.0
PWY-1541:_superpathway_of_taurine_degradation	0.0
PWY-7294:_xylose_degradation_IV	0.0
PWY-6396:_superpathway_of_2,3-butanediol_biosynthesis	0.0
PWY-6906:_chitin_derivatives_degradation	0.0
PWY-6785:_hydrogen_production_VIII	0.0
PWY-5514:_UDP-N-acetyl-D-galactosamine_biosynthesis_II	0.0
PWY-101:_photosynthesis_light_reactions	0.0
LIPASYN-PWY:_phospholipases	0.0
UDPNACETYLGALSYN-PWY:_UDP-N-acetyl-D-glucosamine_biosynthesis_II	0.0
PWY-7279:_aerobic_respiration_II_(cytochrome_c)_(yeast)	0.0
PWY-7218:_photosynthetic_3-hydroxybutanoate_biosynthesis_(engineered)	0.0
PWY-7124:_ethylene_biosynthesis_V_(engineered)	0.0
PHOTOALL-PWY:_oxygenic_photosynthesis	0.0
DHGLUCONATE-PYR-CAT-PWY:_glucose_degradation_(oxidative)	0.0
PWY-6185:_4-methylcatechol_degradation_(ortho_cleavage)	0.0
PWY-6467:_Kdo_transfer_to_lipid_IVA_III_(Chlamydia)	0.0
PWY-7245:_superpathway_NAD/NADP_-_NADH/NADPH_interconversion_(yeast)	0.0
PWY5F9-12:_biphenyl_degradation	0.0
PWY-7268:_NAD/NADP-NADH/NADPH_cytosolic_interconversion_(yeast)	0.0
PWY-5028:_L-histidine_degradation_II	0.0
PWY1F-823:_leucopelargonidin_and_leucocyanidin_biosynthesis	0.0
PWY-1361:_benzoyl-CoA_degradation_I_(aerobic)	0.0
PWY-7399:_methylphosphonate_degradation_II	0.0
PWY-7290:_Escherichia_coli_serotype_O86_O-antigen_biosynthesis	0.0
PWY-7389:_superpathway_of_anaerobic_energy_metabolism_(invertebrates)	0.0
PWY-7384:_anaerobic_energy_metabolism_(invertebrates,_mitochondrial)	0.0
PWY-7118:_chitin_degradation_to_ethanol	0.0
PWY-181:_photorespiration	0.0
PWY-1622:_formaldehyde_assimilation_I_(serine_pathway)	0.0
PWY-5532:_adenosine_nucleotides_degradation_IV	0.0
PWY-7317:_superpathway_of_dTDP-glucose-derived_O-antigen_building_blocks_biosynthesis	0.0
PWY-6107:_chlorosalicylate_degradation	0.0
PWY-6565:_superpathway_of_polyamine_biosynthesis_III	0.0
PWY-2221:_Entner-Doudoroff_pathway_III_(semi-phosphorylative)	0.0
PWY-5647:_2-nitrobenzoate_degradation_I	0.0
PWY-5420:_catechol_degradation_II_(meta-cleavage_pathway)	0.0
PWY-5419:_catechol_degradation_to_2-oxopent-4-enoate_II	0.0
PWY-6281:_L-selenocysteine_biosynthesis_II_(archaea_and_eukaryotes)	0.0
PWY-1501:_mandelate_degradation_I	0.0
PWY-6641:_superpathway_of_sulfolactate_degradation	0.0
PWY-5531:_chlorophyllide_a_biosynthesis_II_(anaerobic)	0.0
PWY-7159:_chlorophyllide_a_biosynthesis_III_(aerobic,_light_independent)	0.0
PWY-5870:_ubiquinol-8_biosynthesis_(eukaryotic)	0.0
PWY-7235:_superpathway_of_ubiquinol-6_biosynthesis_(eukaryotic)	0.0
PWY-5871:_ubiquinol-9_biosynthesis_(eukaryotic)	0.0
PWY-5873:_ubiquinol-7_biosynthesis_(eukaryotic)	0.0
PWY-6834:_spermidine_biosynthesis_III	0.0
PWY-6344:_L-ornithine_degradation_II_(Stickland_reaction)	0.0
PWY-7528:_L-methionine_salvage_cycle_I_(bacteria_and_plants)	0.0
PWY-4361:_S-methyl-5-thio-&alpha;-D-ribose_1-phosphate_degradation	0.0
PWY-5534:_propylene_degradation	0.0
PWY-7413:_dTDP-6-deoxy-&alpha;-D-allose_biosynthesis	0.0
PWY-7373:_superpathway_of_demethylmenaquinol-6_biosynthesis_II	0.0
PWY-7090:_UDP-2,3-diacetamido-2,3-dideoxy-&alpha;-D-mannuronate_biosynthesis	0.0
P241-PWY:_coenzyme_B_biosynthesis	0.0
CODH-PWY:_reductive_acetyl_coenzyme_A_pathway	0.0
PWY-7391:_isoprene_biosynthesis_II_(engineered)	0.0
P261-PWY:_coenzyme_M_biosynthesis_I	0.0
PWY-7374:_1,4-dihydroxy-6-naphthoate_biosynthesis_I	0.0
PWY-7007:_methyl_ketone_biosynthesis	0.0
TYRFUMCAT-PWY:_L-tyrosine_degradation_I	0.0
VALDEG-PWY:_L-valine_degradation_I	0.0
P101-PWY:_ectoine_biosynthesis	0.0
PWY-6992:_1,5-anhydrofructose_degradation	0.0
PWY-6145:_superpathway_of_sialic_acids_and_CMP-sialic_acids_biosynthesis	0.0
PWY-6748:_nitrate_reduction_VII_(denitrification)	0.0
PWY-5055:_nicotinate_degradation_III	0.0
P165-PWY:_superpathway_of_purines_degradation_in_plants	0.0
PWY-6174:_mevalonate_pathway_II_(archaea)	0.0
PWY-5183:_superpathway_of_aerobic_toluene_degradation	0.0
PWY-6797:_6-hydroxymethyl-dihydropterin_diphosphate_biosynthesis_II_(archaea)	0.0
PWY-5079:_L-phenylalanine_degradation_III	0.0
NADSYN-PWY:_NAD_biosynthesis_II_(from_tryptophan)	0.0
PWY-3502:_superpathway_of_NAD_biosynthesis_in_eukaryotes	0.0
PWY-5651:_L-tryptophan_degradation_to_2-amino-3-carboxymuconate_semialdehyde	0.0
LYSINE-AMINOAD-PWY:_L-lysine_biosynthesis_IV	0.0
PWY-6098:_diploterol_and_cycloartenol_biosynthesis	0.0
PWY-6352:_3-phosphoinositide_biosynthesis	0.0
PWY-5067:_glycogen_biosynthesis_II_(from_UDP-D-Glucose)	0.0
PWY-7420:_monoacylglycerol_metabolism_(yeast)	0.0
PWY-6309:_L-tryptophan_degradation_XI_(mammalian,_via_kynurenine)	0.0
PWY-7527:_L-methionine_salvage_cycle_III	0.0
PWY-5306:_superpathway_of_thiosulfate_metabolism_(Desulfovibrio_sulfodismutans)	0.0
PWY-5751:_phenylethanol_biosynthesis	0.0
PWY-6415:_L-ascorbate_biosynthesis_V	0.0
PWY-6957:_mandelate_degradation_to_acetyl-CoA	0.0
PWY3O-19:_ubiquinol-6_biosynthesis_from_4-hydroxybenzoate_(eukaryotic)	0.0
PWY-2201:_folate_transformations_I	0.0
ALL-CHORISMATE-PWY:_superpathway_of_chorismate_metabolism	0.0
PWY-5044:_purine_nucleotides_degradation_I_(plants)	0.0
PWY-6981:_chitin_biosynthesis	0.0
PWY-6596:_adenosine_nucleotides_degradation_I	0.0
TRIGLSYN-PWY:_diacylglycerol_and_triacylglycerol_biosynthesis	0.0
PWY-7411:_superpathway_of_phosphatidate_biosynthesis_(yeast)	0.0
PWY-7337:_10-cis-heptadecenoyl-CoA_degradation_(yeast)	0.0
PWY-7338:_10-trans-heptadecenoyl-CoA_degradation_(reductase-dependent,_yeast)	0.0
PWY-7619:_juniperonate_biosynthesis	0.0
PWY-7283:_wybutosine_biosynthesis	0.0
SPHINGOLIPID-SYN-PWY:_sphingolipid_biosynthesis_(yeast)	0.0
PWY-5080:_very_long_chain_fatty_acid_biosynthesis_I	0.0
PWY-6598:_sciadonate_biosynthesis	0.0
PWY-5872:_ubiquinol-10_biosynthesis_(eukaryotic)	0.0
PWY-5129:_sphingolipid_biosynthesis_(plants)	0.0
PWY-6351:_D-myo-inositol_(1,4,5)-trisphosphate_biosynthesis	0.0
PWY-7546:_diphthamide_biosynthesis_(eukaryotes)	0.0
PWY-5757:_fosfomycin_biosynthesis	0.0
ILEUDEG-PWY:_L-isoleucine_degradation_I	0.0
PWY-5109:_2-methylbutanoate_biosynthesis	0.0
PWY-6662:_superpathway_of_quinolone_and_alkylquinolone_biosynthesis	0.0
PWY-6660:_2-heptyl-3-hydroxy-4(1H)-quinolone_biosynthesis	0.0
METHYLGALLATE-DEGRADATION-PWY:_methylgallate_degradation	0.0
GALLATE-DEGRADATION-I-PWY:_gallate_degradation_II	0.0
GALLATE-DEGRADATION-II-PWY:_gallate_degradation_I	0.0
PWY-5156:_superpathway_of_fatty_acid_biosynthesis_II_(plant)	0.0
PWY-7224:_purine_deoxyribonucleosides_salvage	0.0
LEU-DEG2-PWY:_L-leucine_degradation_I	0.0
PWY-7626:_bacilysin_biosynthesis	0.0
PWY-5430:_meta_cleavage_pathway_of_aromatic_compounds	0.0
PWY-7397:_naringenin_biosynthesis_(engineered)	0.0
PWY-6857:_retinol_biosynthesis	0.0
PWY66-201:_nicotine_degradation_IV	0.0
PWY-3661:_glycine_betaine_degradation_I	0.0
PWY6666-2:_dopamine_degradation	0.0
PWY-5381:_pyridine_nucleotide_cycling_(plants)	0.0
PWY-6075:_ergosterol_biosynthesis_I	0.0
PWY-7185:_UTP_and_CTP_dephosphorylation_I	0.0
PWY-4061:_glutathione-mediated_detoxification_I	0.0
PWY-6948:_sitosterol_degradation_to_androstenedione	0.0
PWY-5328:_superpathway_of_L-methionine_salvage_and_degradation	0.0
PWY-7112:_4-hydroxy-2-nonenal_detoxification	0.0
PWY-6367:_D-myo-inositol-5-phosphate_metabolism	0.0
PWY-7433:_mucin_core_1_and_core_2_O-glycosylation	0.0
PWY-6368:_3-phosphoinositide_degradation	0.0
PWY66-374:_C20_prostanoid_biosynthesis	0.0
PWY-6558:_heparan_sulfate_biosynthesis_(late_stages)	0.0
PWY-7277:_sphingolipid_biosynthesis_(mammals)	0.0
PWY-6861:_the_visual_cycle_I_(vertebrates)	0.0
PWY-6358:_superpathway_of_D-myo-inositol_(1,4,5)-trisphosphate_metabolism	0.0
PWY-6362:_1D-myo-inositol_hexakisphosphate_biosynthesis_II_(mammalian)	0.0
PWY-6555:_superpathway_of_1D-myo-inositol_hexakisphosphate_biosynthesis_(plants)	0.0
PWY-6554:_1D-myo-inositol_hexakisphosphate_biosynthesis_V_(from_Ins(1,3,4)P3)	0.0
PWY-6371:_superpathway_of_inositol_phosphate_compounds	0.0
PWY-7426:_mannosyl-glycoprotein_N-acetylglucosaminyltransferases	0.0
PWY-7434:_terminal_O-glycans_residues_modification	0.0
PWY-6569:_chondroitin_sulfate_biosynthesis	0.0
PWY-6564:_heparan_sulfate_biosynthesis	0.0
LYSINE-DEG1-PWY:_L-lysine_degradation_XI_(mammalian)	0.0
PWY-6557:_glycoaminoglycan-protein_linkage_region_biosynthesis	0.0
PWY-7511:_protein_ubiquitylation	0.0
PWY-6148:_tetrahydromethanopterin_biosynthesis	0.0
PWY-6654:_phosphopantothenate_biosynthesis_III	0.0
PWY-6350:_archaetidylinositol_biosynthesis	0.0
PWY-6883:_pyruvate_fermentation_to_butanol_II	0.0
PWY-5823:_superpathway_of_CDP-glucose-derived_O-antigen_building_blocks_biosynthesis	0.0
PWY-6863:_pyruvate_fermentation_to_hexanol	0.0
PWY-6383:_mono-trans,_poly-cis_decaprenyl_phosphate_biosynthesis	0.0
GLUDEG-II-PWY:_L-glutamate_degradation_VII_(to_butanoate)	0.0
PWY-7295:_L-arabinose_degradation_IV	0.0
PWY-6886:_1-butanol_autotrophic_biosynthesis	0.0
PWY-4202:_arsenate_detoxification_I_(glutaredoxin)	0.0
PWY-6060:_malonate_degradation_II_(biotin-dependent)	0.0
PWY-6269:_adenosylcobalamin_salvage_from_cobinamide_II	0.0
PWY-7377:_cob(II)yrinate_a,c-diamide_biosynthesis_I_(early_cobalt_insertion)	0.0
PWY-5508:_adenosylcobalamin_biosynthesis_from_cobyrinate_a,c-diamide_II	0.0
PWY-7562:_3,6-anhydro-&alpha;-L-galactopyranose_degradation	0.0
P3-PWY:_gallate_degradation_III_(anaerobic)	0.0
PWY-6728:_methylaspartate_cycle	0.0
PWY-722:_nicotinate_degradation_I	0.0
PWY-6769:_rhamnogalacturonan_type_I_degradation_I_(fungi)	0.0
SUCSYN-PWY:_sucrose_biosynthesis_I_(from_photosynthesis)	0.0
PWY-7238:_sucrose_biosynthesis_II	0.0
PWY-5741:_ethylmalonyl-CoA_pathway	0.0
PWY-7347:_sucrose_biosynthesis_III	0.0
PWY-6486:_D-galacturonate_degradation_II	0.0
PWY-6524:_lychnose_and_isolychnose_biosynthesis	0.0
PWY-7255:_ergothioneine_biosynthesis_I_(bacteria)	0.0
PWY-7053:_docosahexaenoate_biosynthesis_I_(lower_eukaryotes)	0.0
PWY-7036:_very_long_chain_fatty_acid_biosynthesis_II	0.0
PWY-6433:_hydroxylated_fatty_acid_biosynthesis_(plants)	0.0
PWY-7592:_arachidonate_biosynthesis_III_(metazoa)	0.0
PWY-7606:_docosahexaenoate_biosynthesis_III_(mammals)	0.0
PWY-7049:_icosapentaenoate_biosynthesis_II_(metazoa)	0.0
